{"version":2,"hash":{"type":"Buffer","data":"7R4BP33uHGp/AzpmO3bYMjiaeKwYsKU2OPGfYasizgwnmvMCMCKsC9EJtjUnzP5+V4e5u7VFU8dgZCCF5igOpBm2eSKu/p+taqNtxGkdmha0DHAn+TWZxmh1dFEpPQwFBUZMXok8vl/LARgHPQu4KuHBOz9RG9vDUOZ4defqeWU="},"indexValueMap":{"gyPJb7gR7hYnWnfw0L0qgQkZ4TCcq3bVEPjF9tN/E3I=":{"valueMac":{"type":"Buffer","data":"Ek92jryUFwww0SwHg6HnbrCErDdfJWczUQDYJkFJiWQ="}},"Z2TIAac+4MS6l2XoI0MRv0BQ+B68fUY4CweWuNJhCGY=":{"valueMac":{"type":"Buffer","data":"q5gVRcsAcHh1PbgodgPfFH1S1oTAvGY6JvlpqseXuIo="}},"wrxN8KlRjyBOvY0t0dPdtMHZpQPdI+IuHG1Wpqwe/zo=":{"valueMac":{"type":"Buffer","data":"DZ9h47Yqi23A80MqDT2/BiBFTJ0HIt76O8kmLqKsnDU="}},"+uDnGsJsw3S811LgiELxMCl/7rUalvzeUhGrfy6ladw=":{"valueMac":{"type":"Buffer","data":"+haPsPVdQgEik76kIPEP1JznNSP9GFrRYYNWch8GZdE="}},"E8wwd/NZIcQEsUMG6qExHZEaN7PzR4r+v3+nWF7Wb30=":{"valueMac":{"type":"Buffer","data":"g/UFIqv9Ym53kYXyN3BTsj3ahf/NlUkKFUTHI9Vv0GY="}},"We/wR4IKxggt7AAtJHF8ddtKgfcCFT1GtPXYVUuEbGQ=":{"valueMac":{"type":"Buffer","data":"EZIDmFh2Bc7Qlji9hbZIEhQKNAh7VaSb5wXZ23dA87g="}},"rFrJb+PyZ589rkYhv/MQNCGsuvAfgy3u3RTRJ3g99A4=":{"valueMac":{"type":"Buffer","data":"b8uEmTaDsBSP5fbWT8liBRwBFVTeAFQs0ofAoX5TJ/0="}},"HX0YhcCu890+jLT4LiNDK5ehpryip31P37hPtobHEhc=":{"valueMac":{"type":"Buffer","data":"7DVRiqDOC/d4aqDbHMPBQIlBg+WBrYaDyK9SVnATWm4="}},"cWiBa4Qnhv/neyNMPQdZNDTu6cGI6vkPFKs8cgjxVqw=":{"valueMac":{"type":"Buffer","data":"YEhNxj2DzV+u+DlH+tCV7WOzwMnkD+9g1EFfIif3Jes="}},"Ca38HxnBQVxE9CsYZLE3jCxWJfRcSw6I92k0j6sScnI=":{"valueMac":{"type":"Buffer","data":"lSEC+Z0P2Lfj5J/QejyNO5zF0a8sSRPkkbaRJNpI/ho="}},"xsiFo5L+iLNswXLx3UKrkI38hvqrd93fCAFVp6XC49Q=":{"valueMac":{"type":"Buffer","data":"HVNxbIvaGCY5HKYvpzirgSHLjLRR94+Ovd3MRfX/qS0="}},"7I1ZXf7ddzKxhvbM7h2s96Qr+N9Euxx8bik2bpdw8Cw=":{"valueMac":{"type":"Buffer","data":"ZWfk752oTp2UxprewLBw2mId97E86Eq6mZNVhZbpotM="}},"81pR1VQKw4dq02srYci5mUEOZ7S/mhSo6VQt5VB8dpk=":{"valueMac":{"type":"Buffer","data":"PP10MKQYSVOho22+VHS4YC/hq9vsidezwpjz1eZyGOw="}},"pPgwCsdiVVo0tGUDnNoBMXZdG2ao8/7m8ObvNHFGQvo=":{"valueMac":{"type":"Buffer","data":"F49SuhyIqSI9YY4zak6mpk1xv13honogVj8t0SxySRY="}},"J0s8nfoaosfGR2Q++VaS5tO/UAePUUispLyNgx+cEhY=":{"valueMac":{"type":"Buffer","data":"wsMrdZwgV7ii34f370jQfsf0DPPWih7yHaX8DzNyBWw="}},"YnKbpp0lkDQ4J0RevMyETupwckEeRn94VTCYXq59xOE=":{"valueMac":{"type":"Buffer","data":"ns2qU80Cov+uRV9A6cOFDNKLVzChEoCVn00dzrJWqb0="}},"nsrg2MrWrP1gOJzxl3DPHRNPRPqkW+0TEr7obLjIrig=":{"valueMac":{"type":"Buffer","data":"rudANyyJJTZfMTbe5JA+To3GvlWlFA5VrvYiQG3bLe4="}},"Xq35/PtFPimRr8Bbl5h8v/9h3QPuEiqHbXs7pYDKoIk=":{"valueMac":{"type":"Buffer","data":"jNdaMS6yYSnq9rvAnjZYouQu3m6ddrj8pJQocPw+ToU="}},"qcao2JiVJq6FOXv7APk5NwVqJCj+pGzGLzee21bjxzA=":{"valueMac":{"type":"Buffer","data":"N6Iyn6qwMuFZzE5NO74gSMWC8uD1Q1FRQawfLVbrwzs="}},"0VgWo0zLVRtjr+jukXByOusd7yHi0yhui0H5ZPqb1LE=":{"valueMac":{"type":"Buffer","data":"27GC8/lOzHOVuD5nz4ubQYeJ/DBl40NQR20Nu0nIKRo="}},"PmCItgoM6aw4JNv8rnpMzv0o7VQZ70ro3qTi1wSC67A=":{"valueMac":{"type":"Buffer","data":"C/voSc0YsxF+6d6maovlt1wfLSCdt4w4DfJvxHggWn4="}},"VuXiy82dOhG/f/8XhGxWQrKFliSOn3YonU4kqC4ZGyM=":{"valueMac":{"type":"Buffer","data":"rx4ecEWVUa1jJwaP/2qd+tBFdEvH3v407ng3XVtAm1Q="}},"J6ZxG0qv/AAi0KqZZK0CBRXw2gROjnCKZTdaBHVMIRc=":{"valueMac":{"type":"Buffer","data":"zC7vBJK+XHMO3+GtvvV0vwcf/yWAELM7U9vCE1WNCG8="}},"rIL4zttJmgXaxAVoI0YtbNCMj4Xx/4INB2V4hbXeewM=":{"valueMac":{"type":"Buffer","data":"4goqC6Y9JFvmhR0AYIcNs49uN4OH2xpD6XEmnta3Yhs="}},"LHi/REYSdAkJb2/ZN2yQrrR+8Ng7NiK17OfdEdhG6YM=":{"valueMac":{"type":"Buffer","data":"hWjMdU5Yi+5GDMlKUnnozt9NXy2xMfcwYiLsGhgCNiY="}},"C2AL36h7HCrm+ll/oWIoYLCt1GpRm1bx5tEs+h25LJA=":{"valueMac":{"type":"Buffer","data":"LaqMBpFntjEvYvvxjh+AcwQw1DpX1GH8AsQtZp5wuHU="}},"FJSEpLdYtNyaXIoIJq2zWMmGSGer/l/P/8R/g1goRc8=":{"valueMac":{"type":"Buffer","data":"IcX4fEMM5pJjQ4h1Y9EELFGP3eoxe7kvpcTJ98H7F1k="}},"adPHDn4wyUcoAdatHsV/nHYCQaAIaMHenPeuxA8MtOA=":{"valueMac":{"type":"Buffer","data":"QK1bWF4yQWdIb+6kKqBCnkiqCWA9bUGjxl5qgDzNmRU="}},"JR528qjCddm9rf2JXuGmn9IweEEmGTGRDDWsI0+hvtY=":{"valueMac":{"type":"Buffer","data":"c1v7p9sUiqZ44JwRVwDb2nwk54xcvpMTHbQuqfaXt9Y="}},"MM+zvkt5+dlYWYr9AfzFAoHu2IvhRX0EwmDLinXu/kY=":{"valueMac":{"type":"Buffer","data":"/aZYEDGDCTlA7xOUyNIQeZfCTUmsmvAA+8nbuO1gAww="}},"GJoqDyP/iPHSJJY7vBJj3+i2yQs7mkmkXUPeu+jYaG4=":{"valueMac":{"type":"Buffer","data":"hjrL5t8dAxUBsmuQdLo3TlFvyI6Gil03zfOFoHLhyZo="}},"6c6VAo41ZKPn4dHNameO6th8LIfCqPfnMA3cSwLE0ag=":{"valueMac":{"type":"Buffer","data":"utWMsCB1naJrHLavUkMfhCe2NbZIpwSia+IcfB4UJYE="}},"u/2dnl27RKb2ftdQ6faLBxTTRDU8/9o+Op1Woce6ib8=":{"valueMac":{"type":"Buffer","data":"yGl7HDFlF8uM45xR49qvaWDxehkd5GPnYcgbQeUzP+o="}},"k31QPfJTMEEeMKHAo5ezICz9/Ao98Fs0va/rI2rj57M=":{"valueMac":{"type":"Buffer","data":"w/Iy0QdZLx1L0nsf3oJR9Cc+prU71EjgnaEDGCkLNck="}},"n2Qvia7wy1O3F5OF7DyyUeE8WCWSoiNGhgSj7aLBgPk=":{"valueMac":{"type":"Buffer","data":"KA9RTrwEsUXxM5K2pmBuY60HBz7jIw/ChcH7zy12pJ4="}},"4izaDCCKXToFnhNIMJQoq/QA8CdrsBmfV2kzWRxmQ0w=":{"valueMac":{"type":"Buffer","data":"kYvcQHAchAwbl8d74v7ZnAqH50bFVDuLHZrCF2YBIwo="}},"/9bS5wzJw2tmj8upkuUgESeUxT5YWaeTklb8pNMtjMw=":{"valueMac":{"type":"Buffer","data":"vrbRrf3kPEJhfXgI9t+4GscUcfxzwlQxanc1KLgs9Ck="}},"P1ggTPn2OmOD6phPxgHPP9unGGz1lJsiAaNtd2jSBRg=":{"valueMac":{"type":"Buffer","data":"x4P+2PBIwuuc8Y218DcWeC55jEx5L+PDxNkfRms4RCs="}},"/ClwIHrC2nYq51X2GqMedB6k20OJqXjn05sXHFWfy6o=":{"valueMac":{"type":"Buffer","data":"fZpz080TROg8xTXNw+K2vGnN8+/KuxlSx8JZCZmuESg="}},"ClFm4quSCTyO8MdDHp+I547vw4ej+q771p7IfVajzDE=":{"valueMac":{"type":"Buffer","data":"0YlAoKtZPUP5FHW4T9WXju00EA7s3jm5WUd/9TPNAmw="}},"eV5jHuVYC/2B/80Xs/9dgI8daaeOgOgys5AWHAscxD4=":{"valueMac":{"type":"Buffer","data":"fY6yUxrm/Hu0vdvYndYyGmnZclwPzl2Opl5u03aC/dI="}},"D+sKzRGyzBp90EY+BGbV3kXcVOZxfdwOoRcv1FKccAw=":{"valueMac":{"type":"Buffer","data":"PlcM6py2MT/fgOktgBi5DJcZ5zqV/kFq6aZliqf2GPU="}},"Yzxhld+ybxn9KrA5K67fWGFfNB/ftbCNoJ47Ake/Ibg=":{"valueMac":{"type":"Buffer","data":"7Wo56DEuxkeuufRpDder5l2h6l8hCHiTBnLTHw/PCeI="}},"XrgjBVOjppPVPycpE97dbWx1Xsq6txRHbdu8xD2B+X0=":{"valueMac":{"type":"Buffer","data":"iigV1ktGMOlIpaAhCfvLtBBATeil/B1fneXAYkQxMaI="}},"d3VMUOZQNbNYhFWMRRgOFYVari7t7QXH1BhdMVbVT2w=":{"valueMac":{"type":"Buffer","data":"CqTZUSw4OmPj464XLcSf1E1tswneOJolhxe9NmjP6ag="}},"Kz9sH13BeyNBBcPj6l0/TosSubsFiFFbplYHRIv0cJ8=":{"valueMac":{"type":"Buffer","data":"2fa4U2qi6KwOb3GnyC0T6hxzuiILWn04Ig9EfWwKsXg="}},"MMZ9pexLjfPyVv/Ff061LaEKmGpoRSIsgev3faJKl3c=":{"valueMac":{"type":"Buffer","data":"qnCz5q8tkNa5L2qun+OCe9Jy65Qx6RGGVhQfsLdQ7Hs="}},"feU3G1IQq3SqnbbVUbD3/OnS2i3jnIIuyegGYutjusg=":{"valueMac":{"type":"Buffer","data":"TAun65ZZ4Kk0RHBVM3U2ZkMcueOO4tO4f9uEuI9LtLs="}},"t0FfYd6NvuJsvEoGVbl4ytHh0qQBdBCrWsQYBpbSCgM=":{"valueMac":{"type":"Buffer","data":"fWGG3xv8G9GDJQDWVqY9anMnc9hsxj70gTsv7ZoNJ6Q="}},"mmTPtL60P4t/DvxtTm0ltnlCm8VmbJ85H2KROvEp6NU=":{"valueMac":{"type":"Buffer","data":"kwe5bk0dWOUoa7++YCMVmN7lNDTCtk2kteeuHiZT9+Q="}},"vJPxuZYB3o5LMBw7hRWI89yDVoHtGWqgnD+QyFJlvb4=":{"valueMac":{"type":"Buffer","data":"jNQ+KWhm87v8ii6EL63UU+7Fh2lvRZMYCjCFqD0sL9c="}},"75jJNXs3vL+mHj/5RVQ8ejuZCy/p0LmIAtmgfo9SpWQ=":{"valueMac":{"type":"Buffer","data":"FIz2erhyFkuyX34guTZX3wzXkroLWDI2cpfL6f/MUDU="}},"NanowDyrISOkJHCTJlmY2S4E7Mya50Bq5mtBp/J2fpw=":{"valueMac":{"type":"Buffer","data":"WnQzzz2q0oKdRk+L2CClwv8JtE1UjtIoDhcRFPVLRsE="}},"2eTxHFBQg6/iYELytOktDX7X9tKPZ0BZH9A9WpxX6V8=":{"valueMac":{"type":"Buffer","data":"9ovgvMziPO092jgyhXFHu9oqGPW6CSq27aNvMgxOBIY="}},"QLwcpB8MxMncYw6AIz24Zu0dwd96vQxFRqRvxzNvVEc=":{"valueMac":{"type":"Buffer","data":"t327FZ+u1q6M2LJcLvv4frwI4+sdGcqfja8v6PqS2Nk="}},"Nr6n+K26Si/jxZE3vALeJ9SDNYAFmCFK8WMLlCHoIEo=":{"valueMac":{"type":"Buffer","data":"B7jSlsC2CG9BB+7tm8qk3nuNB+EAiJFKtFKDP1fRd28="}},"2SMtqKusONoNK0jfhlHgjjILtRAtX3SJVyHA6U+4StE=":{"valueMac":{"type":"Buffer","data":"AqoJomN/9+LIuJxUfVgMCmH5qW0lDPlsNub7QN8tqCQ="}},"gK71nKKpxuLjJDO3wM/uuLveuuzTq1yc1fHvkN4IGfY=":{"valueMac":{"type":"Buffer","data":"9ZSml4pSyBuHEVM3tcOa5yRCduY/uGglzyGmsVeyXo4="}},"Q6Y3CwBZM+1X+Vp6oy1JNUaHQRyuI2IAfRlvxpZRjWs=":{"valueMac":{"type":"Buffer","data":"1ZUaFLnBj17KQX/ZPF3+/l/uhftdCVSLthR6k4C+cGU="}},"/kUh95LHEX4MeA4SFStZ5qsASVUKDSAsPROzUp/xbeU=":{"valueMac":{"type":"Buffer","data":"PjxZ8cPhuPb+CB9rDhQan8IMS1eFwBTciyuJIwoBkH0="}},"tbKs0jKNFV0AYhER50lJsoHyC2eNBJOQgkXaplQtunc=":{"valueMac":{"type":"Buffer","data":"t+r77dD/dZ31x3RVNJZl9tVR9CVOLP2Reta81t8Ggy0="}},"27cjwvNfwnlU7E900+pzn6GFRXaPpGemgeD3RqtcayU=":{"valueMac":{"type":"Buffer","data":"ZKlQYNe679QGrVZONEW0vvJLtAMAdRw2n+tJF0jhUfQ="}},"qm2DOupE2+cKWGdV2w1qN7QDGiUHhB+TR1L4gUyfeiQ=":{"valueMac":{"type":"Buffer","data":"eGSQbLkvrpG1cGcX9Crcmn2qe2bpbX9o17YCGwNpwEY="}},"nIaziU1XVc1u3eGUy9mV6oJwUddAqRPzPTzEarGH0Is=":{"valueMac":{"type":"Buffer","data":"ohzys0Wy7rP9OvSUKdPjZpPlAp9GX0fiRfpV8SBDsFw="}},"C9Ph7veQmFerAyvMHFN3uBTFbswOMf7DcPJ0JKzEGfY=":{"valueMac":{"type":"Buffer","data":"NwXAmNLlU/hYbZOHP/khSrNZZTinkiXxMaWx3fRChFM="}},"EIz9cIGG9KLAi5W0KLv0UmjOLRnjAb1nvI5bcZ0mOIs=":{"valueMac":{"type":"Buffer","data":"v1NQKQy5vNNQsmieDz/CWKfxuyN6Et1BhiXMg4ziAl8="}},"p1YMnU8VcCpdR/oRqu0Z7E2c+Bz8QJwdnpmf82lh8Lw=":{"valueMac":{"type":"Buffer","data":"zCahQNJqOpla/6QKn0hNLxQkig/8PhPspZcEHaWhIOE="}},"0wSIhmOXjkCEGXHN+hKlXdqEVvAYi6pWI8vlSFCQW1A=":{"valueMac":{"type":"Buffer","data":"IidCisEjpKVQG+q+rLXzTKTRZ4txARPSJwUyT4WhTBY="}},"46sAZJvTsB1UUTIVOm3Rn2HwDah47FzlHmEFjWD3H3M=":{"valueMac":{"type":"Buffer","data":"p0q4rTTgVAzDqG7dhHBe3DiA9QXbaT+f9CidtHcCypE="}},"OQyN5evw+L8jl9nXG2Xt+x0zi2dzuumanrysZKRu7Wk=":{"valueMac":{"type":"Buffer","data":"ycrJfzcHtnlZ4txUMfy2Eh6r1x2+0QLJfjTn0qwJjbo="}},"3T8Sdhoao2Py316+4yncfKHRl3Kyj4WYOWxBJkU9WKA=":{"valueMac":{"type":"Buffer","data":"6y7ZLIbTRhumWcpa+8ROxw38wOsWZYB3hcimOTHctXQ="}},"zcA5BIdB3oxx+XSv2WjrjfcwgkDVL1R1D3Zb+R49IWU=":{"valueMac":{"type":"Buffer","data":"62YmyVS6nNPDelNoY8DxRZpvex4nqlpriZ8a4ZloYIc="}},"Cm+nhYBT/UQ4JBM7kgHStba2hqb0nZuz1CXfmVZ8jqc=":{"valueMac":{"type":"Buffer","data":"1c9k0hoMRoDZ+nlIUS5doetiTL+7dFcSZcLlsQuDFJ8="}},"TrFvehvMv2aCpiS7CrtKi0Dmyy34ePHzxfzmn+B5qqk=":{"valueMac":{"type":"Buffer","data":"DzruCs2fxu/cV/JM+6NZ1a1qObpXyqYRNyz4BE+KMAg="}},"RR9vxG1Y+UFBeVSoiZ/AycSzpQfgzcg3s2AGTBN+d3o=":{"valueMac":{"type":"Buffer","data":"sCB7EbmT7UohVig7FBgfyXk8DX6PaGPxw9xMsGSi8S0="}},"HQqYJujPw0QUaBW2IcQZgNNX2EpS79uO6PphPhLLaFY=":{"valueMac":{"type":"Buffer","data":"9RRwtfD0TmKf1PzfkomA371yseEBLIC8x90UqENphnw="}},"jpWlxIfRpISjXtIEL/x2guredEC/NgqnZIWaRF9W2HY=":{"valueMac":{"type":"Buffer","data":"sDg6ERtfKb5ga+JX8MyyexCDdvZuQBBIddeScQdqg/Y="}},"tP5CITtnoBH0umuzZIzTm8UXwqUA/+QgGrTOG/qL1rw=":{"valueMac":{"type":"Buffer","data":"gEt9AliNzhcC05tzLcA25ZEWYgGe6mFaJcn/pzyuTgs="}},"S0Yb9G4XvHMtko+etSdEmCbC3GySk+xophUezcscvBA=":{"valueMac":{"type":"Buffer","data":"fbCt9ClhAhv/+0ahnvTF2uLwPpafSyiPsNwyOXC1s/M="}},"nyN86xgyqfPMj28qfugwSdw1tUV1l+UjvXBt9NIMh44=":{"valueMac":{"type":"Buffer","data":"qDXktshO8JdjFrFvdfWuZ1u9WOEyREcI0eCTt0lgqJ0="}},"a0xeCopd2vlDpTWRw95xApQrrIjGYtyFLweeO5EzXhs=":{"valueMac":{"type":"Buffer","data":"Ow7mLbfsc6FALiY8Tv2IDsL0m4+eexfnOHhn5V3+sCI="}},"UlNxDlmub+PZhmNe823r+Zw/RNKnpSEkIAjKHWFMs9U=":{"valueMac":{"type":"Buffer","data":"ROyEdj7K2FedvS8oo2upk/Q/wOahGYYJZSaznKQtNPY="}},"6C2ArjY0H/HKMcslSeTlvohyeMBd3HZ2g8SVofaS+sw=":{"valueMac":{"type":"Buffer","data":"Hf/V2hxZ4zGurKtqWXKj3maecosQtqbYpKbxw92ROm8="}},"4xHMWBtz1wpqGwUKOFHjhkI8GgM9TQ234/V9jESXSpM=":{"valueMac":{"type":"Buffer","data":"78YRRnaYLQqd35jbYQ+GehwjfZMKYdW5xHYCu+xN4b4="}},"vQ0U49pjSS/2TOYyDVBoDPFg4H/OrpOJIE5YoeLFFcM=":{"valueMac":{"type":"Buffer","data":"500HlQjhYyQQ5weKqGfI3Tkhf9PyDdpa3bBZDkvBxqU="}},"Aaa2VvKzHUQuI/XGcnoNksOtQSkrLgGwTM9ZYIH7Qms=":{"valueMac":{"type":"Buffer","data":"2nmyid6L7qDeRA6t86LVmCJT6dvROyb749AAh8IVPyY="}},"HZbJSM0eMlI3sooXT6Rzv1j3GcBfcK6agfRnYMFEbw8=":{"valueMac":{"type":"Buffer","data":"cxRGGGrLOR7vzzMW1i+oP2VqGgeX8By4bK7wRfgcuB0="}},"bEQFSI89lw7ZEAEp4ouWZx+dWI0xZIJahw2Sw5Z8H50=":{"valueMac":{"type":"Buffer","data":"qqnlsjll4wALwTr+in8nz67PxjwKsxiY/FJgtoD72BY="}},"uRHoV1m9eiGDJK7V1XUDCezLKV/Jomm1YaEQ02ZLjMI=":{"valueMac":{"type":"Buffer","data":"T90p75QP2P0Gtnnz/C5ywXXN9yooVg21kVD73sYHkIM="}},"85wvFiiLR+It/6LBejye8kjZbDoZ3e/u/64HbJ+kiOA=":{"valueMac":{"type":"Buffer","data":"arFMGElFNMe1f3D3ZtvD3bgDceD9EhFudi1EJnaBCQ0="}},"JP6NOSfFWU1LN6DQJeAIC80lFNymPPfY8TkeedBYAYs=":{"valueMac":{"type":"Buffer","data":"+EsEqFDKC0gMsaKLUssg1NBHXoHHnQjG+E4F8MQo+tU="}},"RizEpTq4v+7GgGzyhoa+BtzdFh2ObmkRcx8H98P9fXo=":{"valueMac":{"type":"Buffer","data":"0gf1ZE4jTkJbvsIWhpz5aM61wX+ADY7FuRWcbdOHKNI="}},"5bD6DG9SX+5Uw8AiEjMMptn8Q2HMDaG8wy071b7v/Jw=":{"valueMac":{"type":"Buffer","data":"thPIUPv0D9IqxnOWV33Z9NBp+tHw6RkEGs9KLa6cAwY="}},"+p2HMC4/n4YXQzKZfyhP/80/Xp5bHT4fMBgyjS/ABUg=":{"valueMac":{"type":"Buffer","data":"EwQS/GxLbu0EvjbfQ8ctm1/bNYvQC3lcPssZ57ZZg48="}},"62b7p7eX+n/3M6FQ+KH0KBO2RoArFbQcE9RLA4pUBcQ=":{"valueMac":{"type":"Buffer","data":"r41rn+BHkh1uVzAfurxb085qk7OFGvX36qUdQzvc62Y="}},"POtMApavAcyjel+xYbZQo2l4yBDSXsoXcFmdMibxHwE=":{"valueMac":{"type":"Buffer","data":"pCSubJgbBjm2GwVIZOKHJ0l5AfjH5ZaCZj/tKXOVggQ="}},"0AdzspbBEgOcBH26NfQRyreVYH4otzPXntgH66mUByM=":{"valueMac":{"type":"Buffer","data":"OcjG0HSrDvrWxsdFkazhsMpTQWXpfaMZJVugl0MHWPo="}},"Eq64rpXIvNX30Ac9pJDihugOnysTr/Lz+c3201jToys=":{"valueMac":{"type":"Buffer","data":"yS4yGjaBYmkyFT1PPqtS5/joSRT9SEt9W4HsO6eogy4="}},"OrgmWcnvc4QPMQ2pkH3c5lNsAClBgmWb/yBkiFKwygQ=":{"valueMac":{"type":"Buffer","data":"HWjOlQBCKUOsmMHxYlZCuYWJK3tBpi2kAAVAf5AV0lM="}},"1JGoLZf/l83ZzE6Tl2KBnzkbZl2RY4HtXDto8kANGpQ=":{"valueMac":{"type":"Buffer","data":"AuiTa5DO/SbUAQIPh9FPwryYhULQS92S1BqS/vCB96Q="}},"y9nX5IcM9+nW/0CDCz0rfgpoUvg6yEz/v8ijA3m/W6k=":{"valueMac":{"type":"Buffer","data":"Pbuccm2vpzQbp5xGGExf9BTnIID4YD0XlXu5asUKVgc="}},"FNbgdh4LcBvGRy9M8A2OHUGIqF3ItvmUSluL6/UXguo=":{"valueMac":{"type":"Buffer","data":"w6wjLgTohAhfRTqS0UQQ88ztM+y3204es60B6juqm4w="}},"+1uKnccJ7oTZaVZ9Yaoo6t+AjUMwyv5ypIBuBriMdVA=":{"valueMac":{"type":"Buffer","data":"G7K8dVWkDWqWYhKRIqDLtwcZmmyAAxlmM2INHpzJt84="}},"h/dVVAPyn8yCFVIyK6CfpLUURRhVZuXqaXsnf5NKNjU=":{"valueMac":{"type":"Buffer","data":"KAy/let5F2xmsTiXab06XLe9DHq102U22ClKHUiHk4k="}},"Qm1yqz2XrKSyIcIHa2KjLwr4WXq35BHxE9IvXnW6x+Q=":{"valueMac":{"type":"Buffer","data":"4nidyATq+/v9k5KBdo3/si48FALgjct/NIErKUmDTdw="}},"CLT4hLPgGxynd0R4oJUfpN1xSkCZFo8f5FcRjdzSUjo=":{"valueMac":{"type":"Buffer","data":"/rgDPcPaQfzQgrINRoj4G/0/FxYpqjcr4yiZKR3jSX8="}},"5zSSGe8peVUD8kucU2jX2OVGfm0EHLTzycNq+FAa/qg=":{"valueMac":{"type":"Buffer","data":"8SJ2DGcgWXSBFArtW9eOQCexBqrGq6VJ7QV4WtrBSxk="}},"Q9eawE8DkeGLcBIQerbahnZBhIjBQynpinhI/mOqtFM=":{"valueMac":{"type":"Buffer","data":"qBB6J7yQ3kLF7tzC6ibYZWkeV8KGsFSCLopR+NKNbG4="}},"YFZdWtawvUlY4vEX+pkUJnFUOkpSYTsMSZXeuUVPF9U=":{"valueMac":{"type":"Buffer","data":"4eFfd1/abWbTxuiIXW0uEiBVnJM5HA7piKM19M4v654="}},"tqbxigLmsN4xe0Kqc4rQ/WABhLLSqFNGVYNphorieZw=":{"valueMac":{"type":"Buffer","data":"JJ/NaON0y7LLd7eEkaphw7r6gYEiU/JdUk/G0TLUciA="}},"CQGo80qm3Q7gt6ppAdNBdoWnoYVkf8iS5GKXAj16qrk=":{"valueMac":{"type":"Buffer","data":"ti4N2MDdcJUiWg4W2rGn0upZmEzTP9BTZM4g8A9u5go="}},"Bgv1fjXkecY5Hl04FiEQcE9NiIir0l1GJud7b/LRjUQ=":{"valueMac":{"type":"Buffer","data":"JDJw8xKwG1RmEtMOL6oKyh2Z0jdrvgtsfPug0RZwkeY="}},"ktHP6QjCz2UJACRXoVPL7995akPdaQRO64Cnl8kmzC8=":{"valueMac":{"type":"Buffer","data":"n0qER0/yPGH8qcguAZ0qdu/+xNQkzf+0n08JgH9iXAY="}},"ueG+tDIN+NfaIu7g9dJZWd9p0o17WZ05MsRzrJNS1EM=":{"valueMac":{"type":"Buffer","data":"QIcHh7fuUHrX3bRG5f4s+V7KZlciMHjzMwFE9HnuMJU="}},"Du8xTqjbO8MK62swN6YKAbCaUZNYXW9Eb4aqYL/lg8Y=":{"valueMac":{"type":"Buffer","data":"M27jB7qjATdZha096ZiY5brs75re+PDJwXquyNzp/ko="}},"ET6tcgH3emvAsfqgNJA3ef3TZ18qYwlNG2ythH8yVPY=":{"valueMac":{"type":"Buffer","data":"JwCSFX1to+jktXPdujX67g3nr7FQwZKvayo5GUUUDsM="}},"y1Yi90woPS2dGFvZUIRgq9QjyJNrFRq9P9UsS+bhaT0=":{"valueMac":{"type":"Buffer","data":"qZrS+IPu+VSuMzgBpJ9C7/aqSrg864AqYfX66v7xKHo="}},"0fLagAhqqD9gSE4ZdF0CdW3O84/h/SuRnPuG960XdUI=":{"valueMac":{"type":"Buffer","data":"orX+pe0WOY9lDgMH1/zDru4CvxLaY5IGlr9i1AjC1o0="}},"oWbMOPe30nWwEqYrn0bUcK8Bni2RWKFCr8WaOmvDTZk=":{"valueMac":{"type":"Buffer","data":"8Je4JGlXy/UPuKgdcPIhU2konl79Qsi43Gknf3fMpg8="}},"hBRdXBZiu6S6VDTUgjg8aBx+9l2pXTkktMm3BfBv/yc=":{"valueMac":{"type":"Buffer","data":"putEe1BGTv0EJ9mxdMGt38BHjAox4nsGs7a+2I65aRA="}}}}