{"noiseKey":{"private":{"type":"Buffer","data":"oOREA9Fk4r8vGgYxAvl4euf2iPTeZPwcyo1o6oQn9mo="},"public":{"type":"Buffer","data":"x7S+Bu9OfEYoe0Wyl0CJBBmOzApeZLPOX+x+HnmgP1Y="}},"signedIdentityKey":{"private":{"type":"Buffer","data":"+FETAHNX2ijIeh53R+LujF6x7cowMMdu4pkN+fQQ53M="},"public":{"type":"Buffer","data":"XhQdMW3A+n4JoDIYnzBLYmce4BU5L95QC38+leoSAAY="}},"signedPreKey":{"keyPair":{"private":{"type":"Buffer","data":"aOkI+8Ofy63B3vEZVEkj7fhvHQqOfguhdVsDSyimJFw="},"public":{"type":"Buffer","data":"1zjQAzROBErZl5V0K+c1sRTRmJdt4xf31DZ7vSHdOjE="}},"signature":{"type":"Buffer","data":"1ACm59SGzUseGQrxRJi55g4syL1u10qOv/L7XOgygcENFNaGJR9GoshQcbZtUccrRCAGZErdxgnkMFoM0A8agg=="},"keyId":1},"registrationId":204,"advSecretKey":"lgwR6dzq/9l/PSUUBlRGknUGHOzZqjy5M+VQysu3T/k=","processedHistoryMessages":[{"key":{"remoteJid":"6282132576668@s.whatsapp.net","fromMe":true,"id":"A39D88981F84F86B2D04F709B87CEF16"},"messageTimestamp":1682852722},{"key":{"remoteJid":"6282132576668@s.whatsapp.net","fromMe":true,"id":"453DBE0F38DF023C72AB390ED9EDF35E"},"messageTimestamp":1682852723},{"key":{"remoteJid":"6282132576668@s.whatsapp.net","fromMe":true,"id":"B7DBE807A8949AF15DC40F90A7D2BDDE"},"messageTimestamp":1682852726},{"key":{"remoteJid":"6282132576668@s.whatsapp.net","fromMe":true,"id":"8F05760DF5BD9E44B3B57C7819D8CEB2"},"messageTimestamp":1682852726}],"nextPreKeyId":31,"firstUnuploadedPreKeyId":31,"accountSyncCounter":1,"accountSettings":{"unarchiveChats":false},"account":{"details":"CKzYobwHEOuWuaIGGAE=","accountSignatureKey":"VFhvAtvpGwoRAiJouGA7QXb6TCnZr+vPuaurB94L6Cs=","accountSignature":"wY/4YwEKFE8FEgPHve0M14PZytq6dVsXnpamTjlD6rGqU6uxuW1dbwUWmhvaHb5QmDSzzWZWOYcORm0hkCe3AQ==","deviceSignature":"vCfBNcQBOjV6Pj9VeaNUKF4DUDpSrG5cWmTje3wfM+p+HNMqY0zOks6bXFy+KInv3miDgSrK4TyRehCnysiaiA=="},"me":{"id":"6282132576668:2@s.whatsapp.net","name":"Suki Bot"},"signalIdentities":[{"identifier":{"name":"6282132576668:2@s.whatsapp.net","deviceId":0},"identifierKey":{"type":"Buffer","data":"BVRYbwLb6RsKEQIiaLhgO0F2+kwp2a/rz7mrqwfeC+gr"}}],"platform":"android","lastAccountSyncTimestamp":1682852786,"myAppStateKeyId":"AAAAAGQw"}