[{"senderKeyId":1550558381,"senderChainKey":{"iteration":7,"seed":"j+nmsY+LoZqG2NZ7A6bYRlsTntPz3cWLw1pw7EHqpMI="},"senderSigningKey":{"public":"BTp2FPkT/RYOw1HNaKMYRf3h0ihePhHuJT8GS9vAL75/"},"senderMessageKeys":[]},{"senderKeyId":745481619,"senderChainKey":{"iteration":2,"seed":"b4ELBKU8EwllnCYi8/wILZqSjykqgtfAKv5FRUmQxBs="},"senderSigningKey":{"public":"BT/ooD1p1SH5Z/5a/fmUgKEHqWMbLg/c754D05sFp5tM"},"senderMessageKeys":[]},{"senderKeyId":280824326,"senderChainKey":{"iteration":4,"seed":"37qhmX1WVsshZ96LHBfQHujImFMjYPmywUuzHYlp3cU="},"senderSigningKey":{"public":"BSeiGb4T5uVm25OoNrxxBcmoPTuVoz/zRPwG898pIC0y"},"senderMessageKeys":[]}]