[{"senderKeyId":904546034,"senderChainKey":{"iteration":3,"seed":"XON3RZFa7c2jmK2iwaaz5KVfl6kAPyvLF96EF0XKECE="},"senderSigningKey":{"public":"BT0xcfanVU1aXLmsl7IvqfnUYpK109n6mYWAbsOAF/dx"},"senderMessageKeys":[]},{"senderKeyId":297985951,"senderChainKey":{"iteration":3,"seed":"dsMocneIDy2s+FyKmqfF3YlwpWJ6UV7vEeFE3gbmzJ0="},"senderSigningKey":{"public":"Bdgbj87YBIFQubsvEN0KJJ9peNGfyuYner7DB3M1xAgt"},"senderMessageKeys":[]},{"senderKeyId":525476262,"senderChainKey":{"iteration":1,"seed":"3x4TGXgB4ovuLYpuncMGkXhzMP6kMvz0nYOkuCUFxcM="},"senderSigningKey":{"public":"BU8sNykjorKmh9NBF3WpB8ZNP6k88jdgX0vCFNZVsqRq"},"senderMessageKeys":[]}]