{"_sessions":{"BYqK7o3QsrNqlgeEUmhifx6ZBDsVHQN5YNqE3pcuPI4+":{"registrationId":16191,"currentRatchet":{"ephemeralKeyPair":{"pubKey":"Bb8h+uC3ksKg5bNm1fuOK0hki9OgfuYF9WLOQSzF8fJM","privKey":"YIPGJrQGqirmbilt142x8BYdSaF/CzG8ZBQYbIOUI34="},"lastRemoteEphemeralKey":"BW1zFI6Af2HDM+hcCZDWYKYaY8Bckgnhnk1M4DWUwq4E","previousCounter":0,"rootKey":"f06pd3GHWbjgHrBUfB2yUH0VEsI1GPzld2+TKQzF/XM="},"indexInfo":{"baseKey":"BYqK7o3QsrNqlgeEUmhifx6ZBDsVHQN5YNqE3pcuPI4+","baseKeyType":1,"closed":-1,"used":1682853272217,"created":1682853272217,"remoteIdentityKey":"BZhE3vYiQSMbeiHDunqAaZY2i+nzjlEpe/SgdEZ7c/YA"},"_chains":{"Bb8h+uC3ksKg5bNm1fuOK0hki9OgfuYF9WLOQSzF8fJM":{"chainKey":{"counter":0,"key":"2sCbQTHDxofHh1mqeBYnU2F+K2KrzHWKdT+9qnQGyqo="},"chainType":1,"messageKeys":{}}},"pendingPreKey":{"signedKeyId":3,"baseKey":"BYqK7o3QsrNqlgeEUmhifx6ZBDsVHQN5YNqE3pcuPI4+","preKeyId":321}}},"version":"v1"}