{"_sessions":{"Ba176Nx3O/o/7R9yrB/ydrml+R4hvMypFt8pDh13khI2":{"registrationId":2137452428,"currentRatchet":{"ephemeralKeyPair":{"pubKey":"BWWkrRx2MCCGwR0w6mgeMY0vo9hxjji3TRt1hWSuxeFO","privKey":"QLMmibhoimhlJvIuEQ3y73OmXhyiB0HkMi2wLensk3M="},"lastRemoteEphemeralKey":"BSLwfTjXjleoH2oTVHzo2u9gEehC1R4Zdk5zhtBLGDtz","previousCounter":0,"rootKey":"kR2t/2orOG0Uz1cMSDKBHBhlC+TQKcOnslkrKkWxHQ8="},"indexInfo":{"baseKey":"Ba176Nx3O/o/7R9yrB/ydrml+R4hvMypFt8pDh13khI2","baseKeyType":1,"closed":-1,"used":1682852752137,"created":1682852752137,"remoteIdentityKey":"BWpt+fEDGwQRF+j8569MKsrCjbTq9KFSJAiqveBFpR1g"},"_chains":{"BWWkrRx2MCCGwR0w6mgeMY0vo9hxjji3TRt1hWSuxeFO":{"chainKey":{"counter":1,"key":"45qZkO2fp/zdPotJjjg9mx7k4s2LoVGGnsUt9wO/VRg="},"chainType":1,"messageKeys":{}}},"pendingPreKey":{"signedKeyId":4,"baseKey":"Ba176Nx3O/o/7R9yrB/ydrml+R4hvMypFt8pDh13khI2","preKeyId":4407201}}},"version":"v1"}