{"_sessions":{"BW1VpnDVbNdFOuEQqT8dzqGtCVtfr9d9NTBdTjH29OpL":{"registrationId":637365525,"currentRatchet":{"ephemeralKeyPair":{"pubKey":"BRWLTflH3Pxvwb7mkZFxc8LWgqFG8tsN47hD2TgIHQod","privKey":"qCC4I6zhv7aojrNiIrz4902KWAbFUn5/Tng5bDK3nW8="},"lastRemoteEphemeralKey":"BW0Ep6NLfeFeB7B117mumtcnVo8M4IxcGLGE3NtpneJF","previousCounter":0,"rootKey":"WkgGBbTV9IkE5d9OpiPNFN87gLPBlvMOmCUEpVptyTM="},"indexInfo":{"baseKey":"BW1VpnDVbNdFOuEQqT8dzqGtCVtfr9d9NTBdTjH29OpL","baseKeyType":1,"closed":-1,"used":1682853272290,"created":1682853272290,"remoteIdentityKey":"BepdTolQFfueTXbrcxp/6gjKGt7AGHm/feYQ19gvGfUO"},"_chains":{"BRWLTflH3Pxvwb7mkZFxc8LWgqFG8tsN47hD2TgIHQod":{"chainKey":{"counter":0,"key":"vEJ80TkX1evhZvADIOqS4F0LiqZ0S0eCRZ+cuwzeBeg="},"chainType":1,"messageKeys":{}}},"pendingPreKey":{"signedKeyId":11,"baseKey":"BW1VpnDVbNdFOuEQqT8dzqGtCVtfr9d9NTBdTjH29OpL","preKeyId":11449546}}},"version":"v1"}