{"_sessions":{"BYl9KJy4IeCXSYSXHd98VClXqu25+4asT72iCr+b71g7":{"registrationId":780680208,"currentRatchet":{"ephemeralKeyPair":{"pubKey":"BTXfSVBGkNTKvRPmggRFj6UY533LYJSw2p7tWRQqD0F7","privKey":"CDU4CEPcjDTWK9jwuTJYKLJaVjfQDFztkS9bze/wmk0="},"lastRemoteEphemeralKey":"BbbZBEjLcf/rg7U7JNzZU7HPfwWIWF8ozbTWpvIwge57","previousCounter":0,"rootKey":"dKnHUOCEYR1Dxf1xls16rNE5au3xKkTu/JO876x9u+Q="},"indexInfo":{"baseKey":"BYl9KJy4IeCXSYSXHd98VClXqu25+4asT72iCr+b71g7","baseKeyType":1,"closed":-1,"used":1682853272285,"created":1682853272285,"remoteIdentityKey":"BbqJTulUNdKcsqvS4dEYAckU81puer3YMGY2i+J1xQUg"},"_chains":{"BTXfSVBGkNTKvRPmggRFj6UY533LYJSw2p7tWRQqD0F7":{"chainKey":{"counter":0,"key":"q16Z1UAiVXPHG0pjcK8npsga/rozsHGfQ4TlLB3htVE="},"chainType":1,"messageKeys":{}}},"pendingPreKey":{"signedKeyId":0,"baseKey":"BYl9KJy4IeCXSYSXHd98VClXqu25+4asT72iCr+b71g7","preKeyId":1388514}}},"version":"v1"}