{"_sessions":{"BVrLk9YNxq306NW8PN3YW0kPWWp3JXDL4nEVsR77WgwY":{"registrationId":401056094,"currentRatchet":{"ephemeralKeyPair":{"pubKey":"Bd6MEo23q5GiaQMqt6VQdx9CSoAY0NcEWCwqAnLZU2h5","privKey":"YEoaUBVRUnvHUH15qtWlIeTwRVK0WxXDuF3YuJrbKXw="},"lastRemoteEphemeralKey":"BTFdPyl49aGV/t4sgDxMd+dwS/feTQPv9ShiisjrkIZr","previousCounter":0,"rootKey":"Ld00PH4BXXxJkCnWZsB+X1DaoldQ30xdl3zFwTGJNFY="},"indexInfo":{"baseKey":"BVrLk9YNxq306NW8PN3YW0kPWWp3JXDL4nEVsR77WgwY","baseKeyType":1,"closed":-1,"used":1682852949931,"created":1682852949931,"remoteIdentityKey":"BXSok1k+oXtF24IhcISLgQhKikd7zD5zTIa3W0zq8QJn"},"_chains":{"Bd6MEo23q5GiaQMqt6VQdx9CSoAY0NcEWCwqAnLZU2h5":{"chainKey":{"counter":17,"key":"3/4gDL0Xx0iIlK11lCMyF3NcRY+7TdIEZM4DIjeu0GM="},"chainType":1,"messageKeys":{}}},"pendingPreKey":{"signedKeyId":8,"baseKey":"BVrLk9YNxq306NW8PN3YW0kPWWp3JXDL4nEVsR77WgwY","preKeyId":15533543}}},"version":"v1"}