{"_sessions":{"BXHoK9z9vk0f0LTiIRupnnov7DEt+DkQNOUCrIZwLRAR":{"registrationId":232563456,"currentRatchet":{"ephemeralKeyPair":{"pubKey":"Bb45zsMCMtaFjwzHKTP7Wjj/EW9FMb2mwtw191ALFeg3","privKey":"SDg4C6nmff+VInS9EEGBEyyAA07X6WXea8T5ezD+61U="},"lastRemoteEphemeralKey":"BR5GcvCsNZyzmW3QQrTxCk1ES6RCp6Fa8ez5YlBG7d1e","previousCounter":1,"rootKey":"DTrGP13y6z6cAf6eds0uftwMGJzif8A8mmlKZOzHhN8="},"indexInfo":{"baseKey":"BXHoK9z9vk0f0LTiIRupnnov7DEt+DkQNOUCrIZwLRAR","baseKeyType":1,"closed":-1,"used":1682855491058,"created":1682852752146,"remoteIdentityKey":"BQzPob30DRySGwah5HxBmn7Uv0EM33AAPoCu2usLG98m"},"_chains":{"BR5GcvCsNZyzmW3QQrTxCk1ES6RCp6Fa8ez5YlBG7d1e":{"chainKey":{"counter":1,"key":"1fXQV3WgZmveWnSI9yVq7BlAK2hePc+yUDGMrVHdzks="},"chainType":2,"messageKeys":{}},"Bb45zsMCMtaFjwzHKTP7Wjj/EW9FMb2mwtw191ALFeg3":{"chainKey":{"counter":17,"key":"628FWHsq+4k4pkQaimKtKBamPsRye8lOmMVvFQFTCDo="},"chainType":1,"messageKeys":{}}}}},"version":"v1"}