{"_sessions":{"Ba9jPLX6ooVLapXhMF3KXdSm9Kwq1oN6/tlagfFTckB5":{"registrationId":111931751,"currentRatchet":{"ephemeralKeyPair":{"pubKey":"BUApxw2dha+hW1SsqZBZAwGzHCusEc0qq4neo8e9vJ9h","privKey":"KBGuftda+Z47HO+5tyywXcf0zEERwhxnEkw+Lkh/330="},"lastRemoteEphemeralKey":"BZKAw3rYbC3xT5vXPd5ZfbwC1YlGiiXK8uaxPOXyi9lK","previousCounter":0,"rootKey":"I3uxz5NEAO08Rvm1d8J5zzhQOtpSNZxzzOTIGKX3I10="},"indexInfo":{"baseKey":"Ba9jPLX6ooVLapXhMF3KXdSm9Kwq1oN6/tlagfFTckB5","baseKeyType":1,"closed":-1,"used":1682853272320,"created":1682853272320,"remoteIdentityKey":"BaYAMwX/ic/gsahJqrVE1TlpDJAkzjtltgUtAI6zSzMo"},"_chains":{"BUApxw2dha+hW1SsqZBZAwGzHCusEc0qq4neo8e9vJ9h":{"chainKey":{"counter":0,"key":"/dqePo9GE3v1c43Pf1gcq1+hM4f1oTXCnxRrBxZyD/4="},"chainType":1,"messageKeys":{}}},"pendingPreKey":{"signedKeyId":8,"baseKey":"Ba9jPLX6ooVLapXhMF3KXdSm9Kwq1oN6/tlagfFTckB5","preKeyId":3348005}}},"version":"v1"}