{"_sessions":{"BQzo4JlDGki3PAqOPJ/AfuxXChD3HwEAG4nF4LnsmuYf":{"registrationId":985569943,"currentRatchet":{"ephemeralKeyPair":{"pubKey":"BeHrfMxF0eyv/KMQ18BFu0//Of8tY3XAFbKzQXhghjoQ","privKey":"KCoGDHnwCwhUE0JR/HcQhorQwaAOa3tRvyx0HNqfKUo="},"lastRemoteEphemeralKey":"BXAZFGu82Vl+awrLAgEbxJ1QIRMg4UR7X2JQxt+6Espt","previousCounter":0,"rootKey":"Hh1GIbb+g//CxA5rNZjHDFdh5QjI+vX4gUQTFIUvtCA="},"indexInfo":{"baseKey":"BQzo4JlDGki3PAqOPJ/AfuxXChD3HwEAG4nF4LnsmuYf","baseKeyType":1,"closed":-1,"used":1682853272275,"created":1682853272275,"remoteIdentityKey":"BW7GDz+X7DRSmzPTczOI093Pmxu8YZURX6L7W7qXyccZ"},"_chains":{"BeHrfMxF0eyv/KMQ18BFu0//Of8tY3XAFbKzQXhghjoQ":{"chainKey":{"counter":0,"key":"cEfdr56lSUjhZaMK9qpc8OP0lDn76UQMrOcRsAKoGFY="},"chainType":1,"messageKeys":{}}},"pendingPreKey":{"signedKeyId":2,"baseKey":"BQzo4JlDGki3PAqOPJ/AfuxXChD3HwEAG4nF4LnsmuYf","preKeyId":15934645}}},"version":"v1"}