{"_sessions":{"BZwfRIqRrQTN+Lv568B1WfXFq4Ua7msa4sZQ9EMHLolC":{"registrationId":28191871,"currentRatchet":{"ephemeralKeyPair":{"pubKey":"BSoLuSw+vQ/PmS8zKSUII5ku8u6yLLRDmvRIhLcN9hlk","privKey":"cIubH3Q6lM+V959enDUkkNAOPG+Tp5Msl6Hz9Dyl5FY="},"lastRemoteEphemeralKey":"BWaceDJ9jtMIyblLcBhdXLK0KhmAvKmPaimwWYsjvL0z","previousCounter":0,"rootKey":"HNd9aX3BuBg6OQQ8Rek067sLEbZPd5TApmdtZS+xfcY="},"indexInfo":{"baseKey":"BZwfRIqRrQTN+Lv568B1WfXFq4Ua7msa4sZQ9EMHLolC","baseKeyType":1,"closed":-1,"used":1682853272368,"created":1682853272368,"remoteIdentityKey":"BStXcgglgwy6Yy6E0AammOKfwiKV9ypw795rflPQhr0D"},"_chains":{"BSoLuSw+vQ/PmS8zKSUII5ku8u6yLLRDmvRIhLcN9hlk":{"chainKey":{"counter":0,"key":"ZW4Ewne+QYTZSlTCDmEbvqsI+3WP7CFPGLXFn2j9D1o="},"chainType":1,"messageKeys":{}}},"pendingPreKey":{"signedKeyId":20,"baseKey":"BZwfRIqRrQTN+Lv568B1WfXFq4Ua7msa4sZQ9EMHLolC","preKeyId":8752742}}},"version":"v1"}