{"_sessions":{"BWxFI6XsJIXwIV/yUloWYvkQtIXQ5jPq4Al/g27sQyhY":{"registrationId":8589,"currentRatchet":{"ephemeralKeyPair":{"pubKey":"BfN0eG5yVaHr81L7rWx8mPsCgBUOJkYDYgj8irOO6VhC","privKey":"wBIdbxaH5reFdvXrIuI2Vh8I4DZ/fUncS84FUp2PjE8="},"lastRemoteEphemeralKey":"BZUNiYj81GjN9D6IPnNVsGoOqGhvxBMF64RgMzNepwkF","previousCounter":0,"rootKey":"cY9GXDjvcpDJsVUA8WASn14iYbypkbJdt9W5gXvO/FM="},"indexInfo":{"baseKey":"BWxFI6XsJIXwIV/yUloWYvkQtIXQ5jPq4Al/g27sQyhY","baseKeyType":1,"closed":-1,"used":1682853272230,"created":1682853272230,"remoteIdentityKey":"BSzhVqHBI2+OKHwYCEkiCBqSx9DobdgnPvBCI9JQbbwa"},"_chains":{"BfN0eG5yVaHr81L7rWx8mPsCgBUOJkYDYgj8irOO6VhC":{"chainKey":{"counter":0,"key":"VS0vT5b1gbQ+hoWltBpGEzz1RagnaN/qwe6sXpjTFkA="},"chainType":1,"messageKeys":{}}},"pendingPreKey":{"signedKeyId":1,"baseKey":"BWxFI6XsJIXwIV/yUloWYvkQtIXQ5jPq4Al/g27sQyhY"}}},"version":"v1"}