{"_sessions":{"BTp8hrkIVOSsncKTen0hxg79Zte8K58sfbU4ZRc6PnlF":{"registrationId":10144,"currentRatchet":{"ephemeralKeyPair":{"pubKey":"BSrh5DtwM5ul3OoV+nCfzeLXq5Cy0yOvpo+h2SD7ueAB","privKey":"SLTWAwuP988W//+naSH7Ul0rAEOtmmMcmpfAWZRzz30="},"lastRemoteEphemeralKey":"BYCgm4VOjB+8EqocsBAr45hmQHib0f+9vt+aXvW+VloT","previousCounter":0,"rootKey":"ZC5cKvPMcJNe4mUzuMMH0mDd5z+zbLaon+S85J1MUbc="},"indexInfo":{"baseKey":"BTp8hrkIVOSsncKTen0hxg79Zte8K58sfbU4ZRc6PnlF","baseKeyType":1,"closed":-1,"used":1682852949828,"created":1682852949828,"remoteIdentityKey":"BWkHzYCnh3XnS1sc+MnJs27chJpYG8kMrNQ51TK9h5pz"},"_chains":{"BSrh5DtwM5ul3OoV+nCfzeLXq5Cy0yOvpo+h2SD7ueAB":{"chainKey":{"counter":17,"key":"mmjW0INZEcP1i5kWJjzYeYJHfN7P6ilQDqVgFSKM1EQ="},"chainType":1,"messageKeys":{}}},"pendingPreKey":{"signedKeyId":1,"baseKey":"BTp8hrkIVOSsncKTen0hxg79Zte8K58sfbU4ZRc6PnlF"}}},"version":"v1"}