{"_sessions":{"BbEOL2hbzE02j1LcoYpNUFQR0XSGe+vqb0orsOX2gWxn":{"registrationId":679912960,"currentRatchet":{"ephemeralKeyPair":{"pubKey":"BXOD42QeajZsIKlp4Mzj8FkRPf2CZxoJp9hwMrUvHflD","privKey":"aOUMKA5sd9IqVc+gEW/UE+sVAkxGUKg4XRaCfDHy+HE="},"lastRemoteEphemeralKey":"BV8AT7enIbUP1xmha+mPUzdraEbuJ7d3xAYa4PO1zdtH","previousCounter":0,"rootKey":"Xtvuor6dFLAnz46p95CsokCCUpeFhq9rKBk4IQJ2+Og="},"indexInfo":{"baseKey":"BbEOL2hbzE02j1LcoYpNUFQR0XSGe+vqb0orsOX2gWxn","baseKeyType":1,"closed":-1,"used":1682859305406,"created":1682859305406,"remoteIdentityKey":"BR8pdh2NX+CVQonoe7o9ltsrqhGv5pH/GgJtzMGJcLtg"},"_chains":{"BXOD42QeajZsIKlp4Mzj8FkRPf2CZxoJp9hwMrUvHflD":{"chainKey":{"counter":0,"key":"RrYFjZisqZA0e3upez6c1WaTmo/6BSU6dy5prRtQaEo="},"chainType":1,"messageKeys":{}}},"pendingPreKey":{"signedKeyId":5,"baseKey":"BbEOL2hbzE02j1LcoYpNUFQR0XSGe+vqb0orsOX2gWxn"}}},"version":"v1"}