{"_sessions":{"BRs4DyuZJ3FONKnvDnH1OzGa/02s/NBKbIUTBaqEmZV7":{"registrationId":1934601993,"currentRatchet":{"ephemeralKeyPair":{"pubKey":"BQ5aln0nnxV+f/TLqofxZx0Aengft6kEKbcUrdgcV/91","privKey":"AKeUw7gzv2a6vyhO2nJsLDDyElTcWm4VL5aExWjJmkc="},"lastRemoteEphemeralKey":"BaVeH8Y9XEu7DQCbnNPaOzKskGumG8rKea/xw55ittwK","previousCounter":0,"rootKey":"ddVfgvG2H76pE9QSYq+2Y2T2GGC/C4M+om/iLE00XlU="},"indexInfo":{"baseKey":"BRs4DyuZJ3FONKnvDnH1OzGa/02s/NBKbIUTBaqEmZV7","baseKeyType":1,"closed":-1,"used":1682853272357,"created":1682853272357,"remoteIdentityKey":"BbRuyykPjpV438MscGFXA9xLioRAadI7hiaR/Y5nMHph"},"_chains":{"BQ5aln0nnxV+f/TLqofxZx0Aengft6kEKbcUrdgcV/91":{"chainKey":{"counter":0,"key":"xcW+N4+EOBzLmYGcgZRdKObD6om27q6pregCccypNaU="},"chainType":1,"messageKeys":{}}},"pendingPreKey":{"signedKeyId":5,"baseKey":"BRs4DyuZJ3FONKnvDnH1OzGa/02s/NBKbIUTBaqEmZV7","preKeyId":2900790}}},"version":"v1"}