{"_sessions":{"BaFg2bihUyF6OcWyT2DrlSo8gIn59zoNVCKsrbeaFZMv":{"registrationId":104473811,"currentRatchet":{"ephemeralKeyPair":{"pubKey":"BZQFMmWaVeJ8cotjGfWyYt89hyS3rr0wNi2FxxZOk0xm","privKey":"mPOnVbyq3jyiqItSLGFMXWOEzSWrkI37H/BtcjO4qGw="},"lastRemoteEphemeralKey":"BbBt8Ah2c7ZOW7TWbTaIB+EvNn4nxyU7B01PhBV5xI0N","previousCounter":0,"rootKey":"NtHgBsw8++qd8hgMpClE6YVlU4Sw2vzjTqTbO2YrMc4="},"indexInfo":{"baseKey":"BaFg2bihUyF6OcWyT2DrlSo8gIn59zoNVCKsrbeaFZMv","baseKeyType":1,"closed":-1,"used":1682852949914,"created":1682852949914,"remoteIdentityKey":"BYLr//f9ALvefSuAjqiW/mm5Ybrkh1pV63OpSyn4AjA8"},"_chains":{"BZQFMmWaVeJ8cotjGfWyYt89hyS3rr0wNi2FxxZOk0xm":{"chainKey":{"counter":17,"key":"wsTUqzwZLkSqSIfM9E0aXi/edY+DWwZv0Ls+BnHWqk4="},"chainType":1,"messageKeys":{}}},"pendingPreKey":{"signedKeyId":4,"baseKey":"BaFg2bihUyF6OcWyT2DrlSo8gIn59zoNVCKsrbeaFZMv","preKeyId":8100458}}},"version":"v1"}