{"_sessions":{"BUh8gm926TqIDnPiBRWonyhKZd2hwzlS22KxsTOZF6hV":{"registrationId":3074,"currentRatchet":{"ephemeralKeyPair":{"pubKey":"BQxHCPUpixObN8aZYQpr8ElZr/eH1iee+vUMi6zVF4UL","privKey":"yG6T8Q2H2RTp9buRvO5V6BL+IKP35xT0hjE/gKHUWmM="},"lastRemoteEphemeralKey":"BUsQp6C7QMF/1eCwU4xjeNPzZpKsNUR+mfKFaBjzh+gv","previousCounter":0,"rootKey":"77BfWq5ZDRNJD+Rdo1Fubqng9/9/LKiY6eC/J1lxi/I="},"indexInfo":{"baseKey":"BUh8gm926TqIDnPiBRWonyhKZd2hwzlS22KxsTOZF6hV","baseKeyType":1,"closed":-1,"used":1682852949821,"created":1682852949821,"remoteIdentityKey":"BUs0ZS/gfxFuzJY8gi+aO+eQB7F7HVeoZKJInhXPSrpZ"},"_chains":{"BQxHCPUpixObN8aZYQpr8ElZr/eH1iee+vUMi6zVF4UL":{"chainKey":{"counter":17,"key":"p4khZFUyUWjJoI2sXKQLnQ+P9qLnvKzE4pFHzVDq+ts="},"chainType":1,"messageKeys":{}}},"pendingPreKey":{"signedKeyId":3,"baseKey":"BUh8gm926TqIDnPiBRWonyhKZd2hwzlS22KxsTOZF6hV"}}},"version":"v1"}