{"_sessions":{"BWu1bxkFmXXaq9rF50LgPwUG2gNXISW57ah6Il32j4Jz":{"registrationId":339497674,"currentRatchet":{"ephemeralKeyPair":{"pubKey":"BTHGaqzOnHO3zUZxqRt2YBlL1VYFuR8Lh/6NKgPwigxk","privKey":"WASt38FBX7zY2KNF6JiplNBBJtukx+cgID/Nldl9PGI="},"lastRemoteEphemeralKey":"BeHvRWg/j7f76nBoZ3xw5HpK1rkz2uVlJmNBG9KcROoH","previousCounter":0,"rootKey":"bsRVj0tb3F+pmRHWJ/wib6XoIr3Ml831RCodMX83OFc="},"indexInfo":{"baseKey":"BWu1bxkFmXXaq9rF50LgPwUG2gNXISW57ah6Il32j4Jz","baseKeyType":1,"closed":-1,"used":1682859534893,"created":1682853272347,"remoteIdentityKey":"BZV2zydV3GfBb1sbIWIWE6lP0RAYyfjUBus6PTKxVWw0"},"_chains":{"BeHvRWg/j7f76nBoZ3xw5HpK1rkz2uVlJmNBG9KcROoH":{"chainKey":{"counter":0,"key":"1u4EJBWM0rEvel7CLGyJUo1BxCbY+8pFMqem/WD5fFw="},"chainType":2,"messageKeys":{}},"BTHGaqzOnHO3zUZxqRt2YBlL1VYFuR8Lh/6NKgPwigxk":{"chainKey":{"counter":-1,"key":"iO0iF1ny8kfREBdc7cOj6r6XieiRZGP2DzeIGLAjRWo="},"chainType":1,"messageKeys":{}}}}},"version":"v1"}