{"_sessions":{"BfBNIzeqc0VbKoG/X0vr1uJ7mL+QsJ3Jwi8BorKZPP1f":{"registrationId":1271484880,"currentRatchet":{"ephemeralKeyPair":{"pubKey":"BenTKBikmuvPMUYalt5VxTIQiZ/HzRoIzNIplYQ6ilF+","privKey":"oNKgVCIYbRlpM4ofa6tTad+KBLFZpgpqedLBQN0ynWw="},"lastRemoteEphemeralKey":"BfOjSFilSdcmdHiW03rgI87BTgykFho9pnkoCCOEirgD","previousCounter":0,"rootKey":"tbspeBzAu+mi738jsZmZVrO2FuUM9vVYNXDET2rjzT8="},"indexInfo":{"baseKey":"BfBNIzeqc0VbKoG/X0vr1uJ7mL+QsJ3Jwi8BorKZPP1f","baseKeyType":1,"closed":-1,"used":1682856790107,"created":1682856790107,"remoteIdentityKey":"BTBqx/33atWqh87VRMAJQfPh/pkFqHJTITEEs1AXD0s8"},"_chains":{"BenTKBikmuvPMUYalt5VxTIQiZ/HzRoIzNIplYQ6ilF+":{"chainKey":{"counter":0,"key":"J9vhGkfEs1DsELu/p3nHVCgrS8ZhCGD4WdiLyA9/low="},"chainType":1,"messageKeys":{}}},"pendingPreKey":{"signedKeyId":19,"baseKey":"BfBNIzeqc0VbKoG/X0vr1uJ7mL+QsJ3Jwi8BorKZPP1f","preKeyId":1895023}}},"version":"v1"}