{"_sessions":{"BcOd+D4U60271u6ULvvqzW+JBFIF89fd2b+G2cHv3K4h":{"registrationId":694921264,"currentRatchet":{"ephemeralKeyPair":{"pubKey":"BTguP4i2HFbBke00k08knNJcHC1pZH170+eqK6/PDxca","privKey":"SBOObkxsv4BycBGkAtWeENjZLVlfB/gnl6GtPCAkGUg="},"lastRemoteEphemeralKey":"BYLT7kPpy3JWWwKvQ27fobIzxOqC9rNsFPfQZZLrCvYK","previousCounter":0,"rootKey":"9P0x4TmQYh9XhpSLKXdTVVea5udxXItWlSkrxdhlvrk="},"indexInfo":{"baseKey":"BcOd+D4U60271u6ULvvqzW+JBFIF89fd2b+G2cHv3K4h","baseKeyType":1,"closed":-1,"used":1682853272394,"created":1682853272394,"remoteIdentityKey":"BfZkPsNserPY49CTBRIwbzalVtKGCbN0Rs7kO252zcpP"},"_chains":{"BTguP4i2HFbBke00k08knNJcHC1pZH170+eqK6/PDxca":{"chainKey":{"counter":0,"key":"GQzS61NQMSQodoBTY15LLU1Oc6lXfWThSArgV7Q/cj8="},"chainType":1,"messageKeys":{}}},"pendingPreKey":{"signedKeyId":3,"baseKey":"BcOd+D4U60271u6ULvvqzW+JBFIF89fd2b+G2cHv3K4h","preKeyId":13640084}}},"version":"v1"}