{"_sessions":{"BVfNOIY20sJbcRpsw3AqdO7lDZfOCl/5kpMDMtkyFhRG":{"registrationId":397532452,"currentRatchet":{"ephemeralKeyPair":{"pubKey":"Bd2kkStcuAnRFB6SBRl+Ofvjp4Os4qKpEjV7rYrA9X5z","privKey":"gDIpI/PyDges4ta+Mva+s0A99ue5o0jXPKCw1K11GUE="},"lastRemoteEphemeralKey":"BZ39oGxvf+Djxca7N5O/8pDSIIyor4DGJ5osok9x60t7","previousCounter":0,"rootKey":"QqofTNjROdpcBGkaObp/kCtu/aoicTjpjojW1NGexdA="},"indexInfo":{"baseKey":"BVfNOIY20sJbcRpsw3AqdO7lDZfOCl/5kpMDMtkyFhRG","baseKeyType":1,"closed":-1,"used":1682853272373,"created":1682853272373,"remoteIdentityKey":"BcPKTkYxTzgWF78EoC0+tz41iItJq5W3WySoPOwDHzc+"},"_chains":{"Bd2kkStcuAnRFB6SBRl+Ofvjp4Os4qKpEjV7rYrA9X5z":{"chainKey":{"counter":0,"key":"hOzsi47Hb259WdTMsDwzoU0cga7e3K6xb8t5GuDB1Xw="},"chainType":1,"messageKeys":{}}},"pendingPreKey":{"signedKeyId":0,"baseKey":"BVfNOIY20sJbcRpsw3AqdO7lDZfOCl/5kpMDMtkyFhRG","preKeyId":10704682}}},"version":"v1"}