{"_sessions":{"BbUL6cqr0NHmzeGTbwDorYHUAD/K5yKH+y7PL2fU4xcA":{"registrationId":2146257456,"currentRatchet":{"ephemeralKeyPair":{"pubKey":"BY4vYQZtU8ICixHj4LuHTfITbp/4pOQRrJSO91Z1ZWZ9","privKey":"CI00mJcK6WnmyrflVSsN8OpaipeVR/WJe9iuHSLxSEk="},"lastRemoteEphemeralKey":"BT45/Njue5g7ROJwTcksNLG3nX5AEXNT4pBwvZPRUcpT","previousCounter":0,"rootKey":"2p18aZUtYIOS74myLPQY1ulhypSMlHt/VlLWbq+q+XU="},"indexInfo":{"baseKey":"BbUL6cqr0NHmzeGTbwDorYHUAD/K5yKH+y7PL2fU4xcA","baseKeyType":1,"closed":-1,"used":1682853272239,"created":1682853272239,"remoteIdentityKey":"Be4VLA+k9FJCpGjtie9TsCqPgVhjZILtCBVaD17kiOlB"},"_chains":{"BY4vYQZtU8ICixHj4LuHTfITbp/4pOQRrJSO91Z1ZWZ9":{"chainKey":{"counter":0,"key":"QkxQ4RqYtqH5ZBcn11yTZ1AEL89GE7V2+aWz5ZjhBeU="},"chainType":1,"messageKeys":{}}},"pendingPreKey":{"signedKeyId":2,"baseKey":"BbUL6cqr0NHmzeGTbwDorYHUAD/K5yKH+y7PL2fU4xcA","preKeyId":13586675}}},"version":"v1"}