{"_sessions":{"BUMI6vJR/rI+2iVhd7Z9CpSucFaxtje8wnUitJcCq61j":{"registrationId":271307447,"currentRatchet":{"ephemeralKeyPair":{"pubKey":"BUWKqqfVh1vyScFX6pXUBt7/UTMOjMqiAdC706ZQeVkS","privKey":"aNqRv5bkIZgnYgM7BNWcWdo4YCvN5fqpB6aTfFtmemw="},"lastRemoteEphemeralKey":"Bdhwwq4ndY8C4AQq0MBgIb/GC1CV34H7dNTCq4JYaGl+","previousCounter":0,"rootKey":"nCg3WrHr18Z4HTLnEwi33qUQrYbz39S7xuourT1e+ZM="},"indexInfo":{"baseKey":"BUMI6vJR/rI+2iVhd7Z9CpSucFaxtje8wnUitJcCq61j","baseKeyType":1,"closed":-1,"used":1682852752116,"created":1682852752116,"remoteIdentityKey":"Bdc5Pft12qIEFgeTsVefvzt4h1j0pDlSvxbpHfGF0sc8"},"_chains":{"BUWKqqfVh1vyScFX6pXUBt7/UTMOjMqiAdC706ZQeVkS":{"chainKey":{"counter":1,"key":"MoYx7ornjtsCiQWxLyJDIyBYkxHPinyRzshYUXNuFqI="},"chainType":1,"messageKeys":{}}},"pendingPreKey":{"signedKeyId":4,"baseKey":"BUMI6vJR/rI+2iVhd7Z9CpSucFaxtje8wnUitJcCq61j","preKeyId":12355116}}},"version":"v1"}