{"_sessions":{"BRKInK2Nwy+pnJxAOplQ08+hMCldjBjfF+C6JEx4fl4x":{"registrationId":2093559976,"currentRatchet":{"ephemeralKeyPair":{"pubKey":"BaWdwlHE67z74wkyTHk6MbhonBJCOl6pbcpMwbZ8NvIo","privKey":"eKSM92n128SZ53A6JljNQ1XsZwDP2mCcghIVpcSKGGI="},"lastRemoteEphemeralKey":"Bep942kr0visPNQnVCyGte7XrRM1hOJ2GuODohJoPhJY","previousCounter":0,"rootKey":"tloYE3JWCqgsu8XaO9Cw2eRLCDO6ms9Y8uWKYIXeM44="},"indexInfo":{"baseKey":"BRKInK2Nwy+pnJxAOplQ08+hMCldjBjfF+C6JEx4fl4x","baseKeyType":1,"closed":-1,"used":1682855328804,"created":1682855328804,"remoteIdentityKey":"BeOuS/NCQ2/qc05j5wzWQqxbeFpDqaZtvQcP+W+qBPAN"},"_chains":{"BaWdwlHE67z74wkyTHk6MbhonBJCOl6pbcpMwbZ8NvIo":{"chainKey":{"counter":0,"key":"NevSu/xuxgggU2UdKaNfNHcjoTODG4ykJlopo7fI8D0="},"chainType":1,"messageKeys":{}}},"pendingPreKey":{"signedKeyId":2,"baseKey":"BRKInK2Nwy+pnJxAOplQ08+hMCldjBjfF+C6JEx4fl4x","preKeyId":5148970}}},"version":"v1"}