{"_sessions":{"Bb9DzflFDGmXhqNUJLnLfOYQrgBLoRp4z73jKbUExgpv":{"registrationId":705174126,"currentRatchet":{"ephemeralKeyPair":{"pubKey":"BS/0hxZJt/S8KFR/yFSCuSTu9VYmx2732/FR7VD2Blcb","privKey":"4LUWJQSv7+LzDgYpJRqKV6MBq3V9PjRL7hDiymbOrXI="},"lastRemoteEphemeralKey":"BZVEGMpZlqrQ4Mzw8JBoNOTHRGXEOckuei/MnSq5tUAg","previousCounter":0,"rootKey":"IKj6w9UUrH/9XWBjKl1ag+TejiCOPYaKQ+uIcSsqVAw="},"indexInfo":{"baseKey":"Bb9DzflFDGmXhqNUJLnLfOYQrgBLoRp4z73jKbUExgpv","baseKeyType":1,"closed":-1,"used":1682852949862,"created":1682852949862,"remoteIdentityKey":"BdKQAffCDlB6QNpEm5CBeXzMmNujXGKFpvjpADUGdk4e"},"_chains":{"BS/0hxZJt/S8KFR/yFSCuSTu9VYmx2732/FR7VD2Blcb":{"chainKey":{"counter":17,"key":"bRfcbAWrROuSJd0E1CfAl3tnVSC4eSW6VPlMd9L7hHw="},"chainType":1,"messageKeys":{}}},"pendingPreKey":{"signedKeyId":10,"baseKey":"Bb9DzflFDGmXhqNUJLnLfOYQrgBLoRp4z73jKbUExgpv","preKeyId":6754005}}},"version":"v1"}