{"_sessions":{"BWfWXa5k80UB7bTZPoyqMdv7LU1+PFIwTPLQsXWk/x53":{"registrationId":2005211902,"currentRatchet":{"ephemeralKeyPair":{"pubKey":"BbWX4ikVI7188H1Xs9s7Bu2UnjtXtbDournRmgfs+20s","privKey":"gFaGHxbDDBw0xrzcIVOvs+Cfl5KiHkpMU9S/PS+7nFg="},"lastRemoteEphemeralKey":"BYUo2Lx5lTGtxLHKE9AvYKn/yciClN2WRbuH25mS5BkR","previousCounter":0,"rootKey":"92g8jakpOcrmsdJKm+mNwnEe5HBS1JjjneAJufoEw/k="},"indexInfo":{"baseKey":"BWfWXa5k80UB7bTZPoyqMdv7LU1+PFIwTPLQsXWk/x53","baseKeyType":1,"closed":-1,"used":1682852949850,"created":1682852949850,"remoteIdentityKey":"BZXJmzzvHgXWK6ZQjyBEvfNy0MWGvkA0avId+MUKpQ9P"},"_chains":{"BbWX4ikVI7188H1Xs9s7Bu2UnjtXtbDournRmgfs+20s":{"chainKey":{"counter":17,"key":"jpysjOUQbX3AW4Aj71WMzeUJ7rCz9pKWU/B64p4K3Lo="},"chainType":1,"messageKeys":{}}},"pendingPreKey":{"signedKeyId":1,"baseKey":"BWfWXa5k80UB7bTZPoyqMdv7LU1+PFIwTPLQsXWk/x53","preKeyId":3068601}}},"version":"v1"}