{"_sessions":{"BUZtd1Al7ApfI2nVAwH8oRLo9Ll41nLJ4iV5XVrcm60u":{"registrationId":2074938383,"currentRatchet":{"ephemeralKeyPair":{"pubKey":"BbgcZ51GSiQLyvovl5IOzq6fKFu6mjMyFUyFWx5KTjZc","privKey":"OBOWpwh7iQzcTdqXltkHZsBWTM/upluv+3YlfbHnmUA="},"lastRemoteEphemeralKey":"Bb8BIGLGkL8Ru7qdoXEbTyQrS4gO89lixqmz3f7R5vxz","previousCounter":0,"rootKey":"Pk2EyF7kIOBjyycpsDucIihNHGjpCErdhy32IG78ud4="},"indexInfo":{"baseKey":"BUZtd1Al7ApfI2nVAwH8oRLo9Ll41nLJ4iV5XVrcm60u","baseKeyType":1,"closed":-1,"used":1682853272337,"created":1682853272337,"remoteIdentityKey":"BVRERs6pfzDkefnc6IFSFXSOUNgq0q/P1Y37WN84kklG"},"_chains":{"BbgcZ51GSiQLyvovl5IOzq6fKFu6mjMyFUyFWx5KTjZc":{"chainKey":{"counter":0,"key":"rgDFIu3mRG0Wbpokwknk+CUTNkb5pF4Zp8ZL97VucYg="},"chainType":1,"messageKeys":{}}},"pendingPreKey":{"signedKeyId":1,"baseKey":"BUZtd1Al7ApfI2nVAwH8oRLo9Ll41nLJ4iV5XVrcm60u","preKeyId":5763296}}},"version":"v1"}