{"_sessions":{"BShOSNCoVcbplnzEiKZeKo0rrJHTlu/HNe6rhncOCcBm":{"registrationId":659354289,"currentRatchet":{"ephemeralKeyPair":{"pubKey":"BWty1Sh7Be87DP5dokQe9cd8w9l3zq/GQl5JHxmGfo1c","privKey":"eAoIa8CmobXVrJWcMqoT1ItsQ+Q//h5dgvyEK7mv5XY="},"lastRemoteEphemeralKey":"Bf5CvwPf3/XYr/AzJhYJ3RD257wGcTKiXlBtbNwmtX4W","previousCounter":0,"rootKey":"jkKmUA3skeQBrvgOELZHmEcU23xrUSKg+vndfSJTkQc="},"indexInfo":{"baseKey":"BShOSNCoVcbplnzEiKZeKo0rrJHTlu/HNe6rhncOCcBm","baseKeyType":1,"closed":-1,"used":1682852949856,"created":1682852949856,"remoteIdentityKey":"BXkJNRKs7o6eX5QaIRQOH3UfMJboIa/HfpjVjATup5pm"},"_chains":{"BWty1Sh7Be87DP5dokQe9cd8w9l3zq/GQl5JHxmGfo1c":{"chainKey":{"counter":17,"key":"ZMfMBqcKtELyHUAZKsAyuYzT6whpIrXyK343zY0Kwe0="},"chainType":1,"messageKeys":{}}},"pendingPreKey":{"signedKeyId":15,"baseKey":"BShOSNCoVcbplnzEiKZeKo0rrJHTlu/HNe6rhncOCcBm","preKeyId":6287507}}},"version":"v1"}