{"_sessions":{"BS131McRMAsKmQVX3dU2IgxSJOMkGqM/+vEWplmdfk5W":{"registrationId":955870170,"currentRatchet":{"ephemeralKeyPair":{"pubKey":"Bf4tfrECcrogqeqABeTXK70rZQi7SEGsqP0BZtAEhHIX","privKey":"wN4rDy0LmnDzp4Y5xIacVfrSrgwPp09pmPWp7VOdHFA="},"lastRemoteEphemeralKey":"Bf9k2stsDF28mzLWzHrkyovJtgVHfzjII0oBHOG0cUR9","previousCounter":0,"rootKey":"z5dah8BX3G5SXbpsWsWdDzHPfx9Kk/gpLOvNPiGK2lE="},"indexInfo":{"baseKey":"BS131McRMAsKmQVX3dU2IgxSJOMkGqM/+vEWplmdfk5W","baseKeyType":1,"closed":-1,"used":1682852949908,"created":1682852949908,"remoteIdentityKey":"BV1QRPNdghjBXV/5dj/bk73LK6QesVUxFusomrpIMO1k"},"_chains":{"Bf4tfrECcrogqeqABeTXK70rZQi7SEGsqP0BZtAEhHIX":{"chainKey":{"counter":17,"key":"ZdJucnc3InZwzj9xSK+cp++V52+JhRonxoH8SvjElc0="},"chainType":1,"messageKeys":{}}},"pendingPreKey":{"signedKeyId":5,"baseKey":"BS131McRMAsKmQVX3dU2IgxSJOMkGqM/+vEWplmdfk5W","preKeyId":16431728}}},"version":"v1"}