{"_sessions":{"BT71YtVblG2XBhPV24BkqB83QHR2yx8PbYxNnh0mjVd+":{"registrationId":1423980304,"currentRatchet":{"ephemeralKeyPair":{"pubKey":"BSubJLRrSsREGm9OaP8TZLhMwsLHq5UvwabQYqYJBOMQ","privKey":"eFRtLW0Ps1FjYNlED8VQqHvfQ2uLz/Lmua0bSjCJEkM="},"lastRemoteEphemeralKey":"BZ7fG3vGIRY0RkV838/abJO0u69i4RMeS4DMgZrjVHNq","previousCounter":17,"rootKey":"mDK8XnQT/pjHcDPIgCXGX8GhgsqRDERiQ8bcaxC0BH8="},"indexInfo":{"baseKey":"BT71YtVblG2XBhPV24BkqB83QHR2yx8PbYxNnh0mjVd+","baseKeyType":1,"closed":-1,"used":1682860065923,"created":1682853272234,"remoteIdentityKey":"BQri5T6FAry3ORLaiVcN50lisFJFAgihxRZLSK/girYo"},"_chains":{"BRU8m6OscKUFwwdnb8M5wc5c1XtcpqXMuX2GKJx/syou":{"chainKey":{"counter":0},"chainType":2,"messageKeys":{}},"BZ7fG3vGIRY0RkV838/abJO0u69i4RMeS4DMgZrjVHNq":{"chainKey":{"counter":2,"key":"SmmSLtPPRlzuSiDe8xmCWVagCDjShQXJfcU5Od60Gmc="},"chainType":2,"messageKeys":{}},"BSubJLRrSsREGm9OaP8TZLhMwsLHq5UvwabQYqYJBOMQ":{"chainKey":{"counter":-1,"key":"N2sDAbjK4RZnxziZvlJpuiGfQbf89fdrh9tt2bZCzho="},"chainType":1,"messageKeys":{}}}}},"version":"v1"}