{"_sessions":{"BdSz0w/hmo1YOQGst2ZJ1M1PCf5fhDyJIFda5pSl2t9U":{"registrationId":632954805,"currentRatchet":{"ephemeralKeyPair":{"pubKey":"Bbeh9jY3slHhdex3H5PgD5mdd+UtJY1XDHea+//aSYVt","privKey":"kI1ZheNFDFF55XnGx/NaoYqyAbDldKrVQGcfmT/z1Wg="},"lastRemoteEphemeralKey":"BeHhaVXqy6BA+Z1Za8vRQnNxrE849NeiCsSQoH5tQP9J","previousCounter":0,"rootKey":"pS7aWePxH8GzZTIHxjZ3f4TSJcpDI+dFXE+ILveLfJY="},"indexInfo":{"baseKey":"BdSz0w/hmo1YOQGst2ZJ1M1PCf5fhDyJIFda5pSl2t9U","baseKeyType":1,"closed":-1,"used":1682853272362,"created":1682853272362,"remoteIdentityKey":"BfTNeqV4DKIXQm90LZnMBQuJ7mVVMI5MvUCVFiVnLKYS"},"_chains":{"Bbeh9jY3slHhdex3H5PgD5mdd+UtJY1XDHea+//aSYVt":{"chainKey":{"counter":0,"key":"xa1Zj7vbGLAhf8OYdJvE3SrKW3k2+eaLz+BMLp6ElhM="},"chainType":1,"messageKeys":{}}},"pendingPreKey":{"signedKeyId":4,"baseKey":"BdSz0w/hmo1YOQGst2ZJ1M1PCf5fhDyJIFda5pSl2t9U","preKeyId":4333139}}},"version":"v1"}