{"_sessions":{"BWfDGvy0OF3NZk4AQKL10Y2vdhGhgKmLgnfN98H/bdVD":{"registrationId":1992530470,"currentRatchet":{"ephemeralKeyPair":{"pubKey":"BR7JEMXyGkVJ3TAIlJE96/5rRuJcEO05WYpZnoOQEMhm","privKey":"aGFCKgdzf324q9/nebqWTbc6hTI7fZ8ZMpXYDtXeq3c="},"lastRemoteEphemeralKey":"BV9LkPYSgmdeLi/r24lqBTSolIlxhr6BeKSFMl6C4r0C","previousCounter":1,"rootKey":"odD95imyeIqMcfdYlSlFgFRGzi7D9+X8x+GQdpJhfck="},"indexInfo":{"baseKey":"BWfDGvy0OF3NZk4AQKL10Y2vdhGhgKmLgnfN98H/bdVD","baseKeyType":1,"closed":-1,"used":1682859531435,"created":1682852752198,"remoteIdentityKey":"BS6iobVIFoePpRYtd9Fc01kQbhBl97kVNItIFFuyi+x3"},"_chains":{"BV9LkPYSgmdeLi/r24lqBTSolIlxhr6BeKSFMl6C4r0C":{"chainKey":{"counter":2,"key":"PxAR0H23wGgzMH3ijEvv93Dnl5yoM46T9BNEOqBvf/U="},"chainType":2,"messageKeys":{}},"BR7JEMXyGkVJ3TAIlJE96/5rRuJcEO05WYpZnoOQEMhm":{"chainKey":{"counter":-1,"key":"NWhvkjh1Vwed4SrNZPq8nglfHy2fm1wx9QavhVs2oL8="},"chainType":1,"messageKeys":{}}}}},"version":"v1"}