{"_sessions":{"BW9iwC0jcHShE/wQ6jVIlpJ1U6dXXUqzGwPgCH33TkN6":{"registrationId":1078394524,"currentRatchet":{"ephemeralKeyPair":{"pubKey":"Bf8ChqdK57hjkXlMNxoYov1l3Mwwf1mgfQDxlaMoKpIc","privKey":"oL+6B7GSjF6hT4xaqcsXYregyIXZkU0Ft+7K8c1hOW4="},"lastRemoteEphemeralKey":"BTrem2DDFxMWezE0pz0d1/l+WnpmammfXuHlH7JeCO0H","previousCounter":0,"rootKey":"qGScLaNApNyz0avUX1Rw629yy8S5l8oOe/O2X+4da3c="},"indexInfo":{"baseKey":"BW9iwC0jcHShE/wQ6jVIlpJ1U6dXXUqzGwPgCH33TkN6","baseKeyType":1,"closed":-1,"used":1682852752155,"created":1682852752155,"remoteIdentityKey":"BbIZrFIu1Xmlms/jGIB2BOi7CJ2X8s6860lUsy9H3y1g"},"_chains":{"Bf8ChqdK57hjkXlMNxoYov1l3Mwwf1mgfQDxlaMoKpIc":{"chainKey":{"counter":1,"key":"cvbdhZ+FQSOF5HqVyZsWd35yh6Liu1T+QN2qTCQ9T+s="},"chainType":1,"messageKeys":{}}},"pendingPreKey":{"signedKeyId":2,"baseKey":"BW9iwC0jcHShE/wQ6jVIlpJ1U6dXXUqzGwPgCH33TkN6","preKeyId":10372841}}},"version":"v1"}