{"_sessions":{"BTe7SjF593Xb4cl8Xf7APf0r9T/uN5Ek00Ru2hLC1N97":{"registrationId":87596506,"currentRatchet":{"ephemeralKeyPair":{"pubKey":"BUmITyrUC4jzpBFZPmxCH2eDGUXlLIhRUvP+3+YepNdY","privKey":"aFjLIP34xZBUId5mLxrueNzxCoWDNydgA6XnsMr1LFg="},"lastRemoteEphemeralKey":"BT5jvQrG84SIt81XDsY+jbM5wJ6O+qRrR+DdnTQ3qeRY","previousCounter":0,"rootKey":"2KwWKAAbWYn7Aa0K/4aKpSaZkgiXAb4sshJo8Y2A03U="},"indexInfo":{"baseKey":"BTe7SjF593Xb4cl8Xf7APf0r9T/uN5Ek00Ru2hLC1N97","baseKeyType":1,"closed":-1,"used":1682853272325,"created":1682853272325,"remoteIdentityKey":"BcPQ0BkqtHmZcPAl34GvJvZJ+Yw7SwNr6HVwbXdWGr4a"},"_chains":{"BUmITyrUC4jzpBFZPmxCH2eDGUXlLIhRUvP+3+YepNdY":{"chainKey":{"counter":0,"key":"cs9j+PPMmn8stceF1yqTLFAIZRwOgGb8yI3l8218SqQ="},"chainType":1,"messageKeys":{}}},"pendingPreKey":{"signedKeyId":1,"baseKey":"BTe7SjF593Xb4cl8Xf7APf0r9T/uN5Ek00Ru2hLC1N97","preKeyId":8712637}}},"version":"v1"}