{"_sessions":{"BbNQuFsZbyP8WJtTXCpbp8QOn6lcEspEtUJBXHLuasdQ":{"registrationId":945325422,"currentRatchet":{"ephemeralKeyPair":{"pubKey":"BVKo40XAB88Ul5ld3DGjDSmvJGD5baUcR3/YEgwbFFog","privKey":"UPnNQ0Yn7XTuQ5K9x4pgyJ7oQEPU4m7z3V2Siggz9n8="},"lastRemoteEphemeralKey":"BYS4hEpvlRDk7W3PSRgWyuEz3sRr/4KXqgqQayGSI6kA","previousCounter":0,"rootKey":"yclyNOiH3O3/OkQsjYvN/JJZfKv6qpKf51gcpg1a5/Y="},"indexInfo":{"baseKey":"BbNQuFsZbyP8WJtTXCpbp8QOn6lcEspEtUJBXHLuasdQ","baseKeyType":1,"closed":-1,"used":1682853272261,"created":1682853272261,"remoteIdentityKey":"BVkqNuppRlciV1hVO5K1T1czoPU3Cb66X1qU3wMYDKsT"},"_chains":{"BVKo40XAB88Ul5ld3DGjDSmvJGD5baUcR3/YEgwbFFog":{"chainKey":{"counter":0,"key":"P2jSX/2ic6TonsPq+7aCJZiAEhFhYnCtE9CXZQIkHFM="},"chainType":1,"messageKeys":{}}},"pendingPreKey":{"signedKeyId":6,"baseKey":"BbNQuFsZbyP8WJtTXCpbp8QOn6lcEspEtUJBXHLuasdQ","preKeyId":14510011}}},"version":"v1"}