{"_sessions":{"BXArrQW9QeMblXGddDvQg7QGM678FRO9Xb2fTmRJyG1B":{"registrationId":1363847473,"currentRatchet":{"ephemeralKeyPair":{"pubKey":"BfNAPZD07I6/mtQnFgNh9TH1SOsJq3MXJnVWDH+R9F4l","privKey":"aOWGGb8FcGGQvaQwxhChNM0j8/oc7tnHXpv81P91LnE="},"lastRemoteEphemeralKey":"BZUmm2k0rueeKIuWZrsnrmKerFKFjPbOWZVebGTHK8wV","previousCounter":0,"rootKey":"KAmi48dkEaJoAeMGgaDUczWCAt5NVC+iHrSHDh9Iqaw="},"indexInfo":{"baseKey":"BXArrQW9QeMblXGddDvQg7QGM678FRO9Xb2fTmRJyG1B","baseKeyType":1,"closed":-1,"used":1682852949891,"created":1682852949891,"remoteIdentityKey":"BTC4XhN5aq6OI/hpWpoYNKz6RhsmPCeJG/dCVTFWDW81"},"_chains":{"BfNAPZD07I6/mtQnFgNh9TH1SOsJq3MXJnVWDH+R9F4l":{"chainKey":{"counter":17,"key":"+t2Yl64ejqYRI13jFUUbYPgfw1JWyT3GIYMg1V06V0s="},"chainType":1,"messageKeys":{}}},"pendingPreKey":{"signedKeyId":3,"baseKey":"BXArrQW9QeMblXGddDvQg7QGM678FRO9Xb2fTmRJyG1B","preKeyId":393034}}},"version":"v1"}