{"_sessions":{"BbhyknJ4APfoCEDt8qY4xNfZZHvplXJkp9EPscJv37lL":{"registrationId":282459513,"currentRatchet":{"ephemeralKeyPair":{"pubKey":"BYGxW1hd/54FODWmtoiIM0J1ofHiux1xnqYdF2+zowtv","privKey":"4FjP6vtAaUg4OUxwDdO7We28qafgV3fMRQBWGfMXrVU="},"lastRemoteEphemeralKey":"BY+9jRxJNjZzR/yTGDoGsIEuE87q/OlDYO1zv1fj5Gg+","previousCounter":1,"rootKey":"fGqfPuwHeXHTInYhYNh8Ax9gTrtEKcgPjRGXhCo5m0c="},"indexInfo":{"baseKey":"BbhyknJ4APfoCEDt8qY4xNfZZHvplXJkp9EPscJv37lL","baseKeyType":1,"closed":-1,"used":1682855561506,"created":1682853272342,"remoteIdentityKey":"BRJmkHOJ9ydNXFNw47D2Fiwd1z3UxbR0MTt/bQ9YOs40"},"_chains":{"BRdpOC08P1ftQjoJp5AQYW5OcMouJRr6J7Gc6CNwHwdd":{"chainKey":{"counter":0},"chainType":2,"messageKeys":{}},"BTjfizid/MsWfD3R0u8PRHYtmGafVebPLWFW4DIRqIF2":{"chainKey":{"counter":0},"chainType":2,"messageKeys":{}},"BfMOR3AUPYKhdesB1VdjpQsvwDNdpUWweD4c05Qd37Ep":{"chainKey":{"counter":0},"chainType":2,"messageKeys":{}},"BZJiUPlFx24dJLqOg49Z5sjuSRzf/IVsiOCWvxAn+lFM":{"chainKey":{"counter":0},"chainType":2,"messageKeys":{}},"BY+9jRxJNjZzR/yTGDoGsIEuE87q/OlDYO1zv1fj5Gg+":{"chainKey":{"counter":0,"key":"0FepwnnXSw9r8in+fSdlGoskBARCc8IH+S48s3avgX4="},"chainType":2,"messageKeys":{}},"BYGxW1hd/54FODWmtoiIM0J1ofHiux1xnqYdF2+zowtv":{"chainKey":{"counter":0,"key":"14wuuBvaAwiLYcAynM11I7QDvNRRjjIogkJfB+flx6s="},"chainType":1,"messageKeys":{}}}}},"version":"v1"}