{"_sessions":{"BRSEK1M6stjhudLVk6oMyBMR6t4R/8fVRSyzX/IH6wNt":{"registrationId":2113349070,"currentRatchet":{"ephemeralKeyPair":{"pubKey":"BU+m3iLvdkwY+KobnFNRxtSn0bTa71+T04rbmYiY5V4Q","privKey":"4EJZ42y6JnGz8u74z9sjCgf2V2IYbuEkIwZksiDOEHA="},"lastRemoteEphemeralKey":"BXqHKam5Hs4YGwBRWOc1qKJvSLehOhFv06Ogq0dnT9pC","previousCounter":0,"rootKey":"gX63tLlhD28bC0B6HIMp4IQPQWLmbPA1a8sqi6Awmtg="},"indexInfo":{"baseKey":"BRSEK1M6stjhudLVk6oMyBMR6t4R/8fVRSyzX/IH6wNt","baseKeyType":1,"closed":-1,"used":1682855344755,"created":1682853272315,"remoteIdentityKey":"BUhmoJ9TXpXN6EdCDTwZBPQnbaizaQsi+qeriTMjE2YD"},"_chains":{"BXqHKam5Hs4YGwBRWOc1qKJvSLehOhFv06Ogq0dnT9pC":{"chainKey":{"counter":0,"key":"VnDHvWioBGxCW6TkGGNBakA5FVp6kbTZQZGqEG+/Qhc="},"chainType":2,"messageKeys":{}},"BU+m3iLvdkwY+KobnFNRxtSn0bTa71+T04rbmYiY5V4Q":{"chainKey":{"counter":-1,"key":"BpldySjKr7LHhxGzVivCrQfJPvZrFFAQk0dyAXbnsaY="},"chainType":1,"messageKeys":{}}}}},"version":"v1"}