{"_sessions":{"BYAYMAR8poIJIB5JCPAdkD6HkYk9xKqoxux8BqBopRoU":{"registrationId":1647788038,"currentRatchet":{"ephemeralKeyPair":{"pubKey":"BQgToB9cRyoYrnMjzWqJH0c+0gtUlVj1Pyq/0id8oiYM","privKey":"aMUNN6aaTTeYU/z2p+aacoYWY3nOwmUUAYcBOTDtA2g="},"lastRemoteEphemeralKey":"BVIwWHtC/O2/TbGxRl3pFydhKLY4l0kkk4V8K++TozFd","previousCounter":1,"rootKey":"lsBUIWHF9npWEErBxm0YPm9W6qF6iSQ+F07pVS/w/DU="},"indexInfo":{"baseKey":"BYAYMAR8poIJIB5JCPAdkD6HkYk9xKqoxux8BqBopRoU","baseKeyType":1,"closed":-1,"used":1682853356081,"created":1682852752214,"remoteIdentityKey":"BWNTpyEATRXZxpyR4zh1chqNzFCDoup6t2OmH/zwZ0hl"},"_chains":{"BVIwWHtC/O2/TbGxRl3pFydhKLY4l0kkk4V8K++TozFd":{"chainKey":{"counter":0,"key":"evnu99Jv4HB+HTO9ifUygjjxQlVpGIPSVJTUJYgwcbs="},"chainType":2,"messageKeys":{}},"BQgToB9cRyoYrnMjzWqJH0c+0gtUlVj1Pyq/0id8oiYM":{"chainKey":{"counter":-1,"key":"qjKYT2cjdPscwCyQokz685jOzK93MMjMvmgj3XbPbdo="},"chainType":1,"messageKeys":{}}}}},"version":"v1"}