{"_sessions":{"BVq656ToaOEc03e30tUEu29uspPTDP9LkxAaSyRsaRVM":{"registrationId":873885916,"currentRatchet":{"ephemeralKeyPair":{"pubKey":"BeIlQBlcWxQiUO328QTfOrLlpXzcg+0oRPpQim29aFl7","privKey":"YJsM5cElqNIpxG0O5ayDsRIdK0o2eJ0HQMbzdiVbAUg="},"lastRemoteEphemeralKey":"BXOGXF9iUCzep6JtYK4JOAwJuM9JDQWGqi3a6/lWE2op","previousCounter":0,"rootKey":"AcPmPbiqPGAaqzpbbjfLCqFOwPg2Z98aY55ugHF7SJA="},"indexInfo":{"baseKey":"BVq656ToaOEc03e30tUEu29uspPTDP9LkxAaSyRsaRVM","baseKeyType":1,"closed":1682858402313,"used":1682852949919,"created":1682852949919,"remoteIdentityKey":"BVx74JwopGcdMgc6pNdpkngLJXs6UB7R2xj9QmGVISQk"},"_chains":{"BeIlQBlcWxQiUO328QTfOrLlpXzcg+0oRPpQim29aFl7":{"chainKey":{"counter":0,"key":"7UnsMh0M/cXQ199NYLbaKtmR5gI709J3Eqe1q8+HojQ="},"chainType":1,"messageKeys":{}}},"pendingPreKey":{"signedKeyId":0,"baseKey":"BVq656ToaOEc03e30tUEu29uspPTDP9LkxAaSyRsaRVM","preKeyId":1420455}},"BYG/XUutzK38CW631JHEvO5jN6GOGZXrlb4QGQf8X2oW":{"registrationId":873885916,"currentRatchet":{"ephemeralKeyPair":{"pubKey":"BZ7FxSYruUZRgrkZeIfiOwo3Yg3HPEjKV51rwHxIWpJH","privKey":"iIBqMZlbTYyW/UMwhQBnzHsIeN5SOq6vAFYX+UjznE8="},"lastRemoteEphemeralKey":"BXOGXF9iUCzep6JtYK4JOAwJuM9JDQWGqi3a6/lWE2op","previousCounter":0,"rootKey":"mFgDDNPcvbpOn8CYBIm2EL2xbU4yhWM+jEGCNc7gaqQ="},"indexInfo":{"baseKey":"BYG/XUutzK38CW631JHEvO5jN6GOGZXrlb4QGQf8X2oW","baseKeyType":1,"closed":1682858404268,"used":1682858402298,"created":1682858402298,"remoteIdentityKey":"BVx74JwopGcdMgc6pNdpkngLJXs6UB7R2xj9QmGVISQk"},"_chains":{"BZ7FxSYruUZRgrkZeIfiOwo3Yg3HPEjKV51rwHxIWpJH":{"chainKey":{"counter":0,"key":"0nAhBdrzcQd2kqcbcevSf253v7JDN1jGyokqLWu5wQY="},"chainType":1,"messageKeys":{}}},"pendingPreKey":{"signedKeyId":0,"baseKey":"BYG/XUutzK38CW631JHEvO5jN6GOGZXrlb4QGQf8X2oW","preKeyId":1420993}},"BYGfLxogZLKyegLNUU7LSRQvY/CPH4zil0+BOYnIDndx":{"registrationId":873885916,"currentRatchet":{"ephemeralKeyPair":{"pubKey":"BQhNFKQa+ld3++CFjdbGxWWjhBpYVrWwsYJnzKWJaHAC","privKey":"6Ls/ylzWiZaqvdjT/KWZycaWCQ4j9T3joUBqc9RnSlE="},"lastRemoteEphemeralKey":"BXOGXF9iUCzep6JtYK4JOAwJuM9JDQWGqi3a6/lWE2op","previousCounter":0,"rootKey":"52Ivl2Z8A1VB5KGFqSv85JvBhU0DvA5QVcmSbAEUOZw="},"indexInfo":{"baseKey":"BYGfLxogZLKyegLNUU7LSRQvY/CPH4zil0+BOYnIDndx","baseKeyType":1,"closed":1682858405757,"used":1682858404256,"created":1682858404256,"remoteIdentityKey":"BVx74JwopGcdMgc6pNdpkngLJXs6UB7R2xj9QmGVISQk"},"_chains":{"BQhNFKQa+ld3++CFjdbGxWWjhBpYVrWwsYJnzKWJaHAC":{"chainKey":{"counter":0,"key":"fzbVJdtoYWP3GifWhrxyDQeQ0dT96J++a2yJsAugwFA="},"chainType":1,"messageKeys":{}}},"pendingPreKey":{"signedKeyId":0,"baseKey":"BYGfLxogZLKyegLNUU7LSRQvY/CPH4zil0+BOYnIDndx","preKeyId":1420975}},"Be9Xdmyp8Gbr9093bFpQ1952DWAlz3DCFo3+yp/2pFgc":{"registrationId":873885916,"currentRatchet":{"ephemeralKeyPair":{"pubKey":"BdMIkEKy4S90Ax4DmXLBrelnphQ3AVKZWlEsrDWUtttE","privKey":"OLoURRttNGWq94VpLU9LvXUHyfQp46n2qlOnIgtoBWw="},"lastRemoteEphemeralKey":"BXOGXF9iUCzep6JtYK4JOAwJuM9JDQWGqi3a6/lWE2op","previousCounter":0,"rootKey":"pwEM5+UEsKe5lGO9LgvywZY0Cnji0Fi7wWKQG0UPf28="},"indexInfo":{"baseKey":"Be9Xdmyp8Gbr9093bFpQ1952DWAlz3DCFo3+yp/2pFgc","baseKeyType":1,"closed":1682858407600,"used":1682858405751,"created":1682858405751,"remoteIdentityKey":"BVx74JwopGcdMgc6pNdpkngLJXs6UB7R2xj9QmGVISQk"},"_chains":{"BdMIkEKy4S90Ax4DmXLBrelnphQ3AVKZWlEsrDWUtttE":{"chainKey":{"counter":0,"key":"6Y355D4X34KpBKHxHtcIEG0dBDOrmZuDBcwfPSYt0Zs="},"chainType":1,"messageKeys":{}}},"pendingPreKey":{"signedKeyId":0,"baseKey":"Be9Xdmyp8Gbr9093bFpQ1952DWAlz3DCFo3+yp/2pFgc","preKeyId":1420489}},"BTB9Ix5Dld4Y+9RXrA+0urrCUzUhPEyAkY4vDs+NO/d/":{"registrationId":873885916,"currentRatchet":{"ephemeralKeyPair":{"pubKey":"BbyhkzaY2XUWFz7cP6ytqCT6VGiBQBL7zc1UxZvBCLYs","privKey":"kIy4ehXPsUrFvIgSnOYmDzE4oOVThghscvuZPEdkqGk="},"lastRemoteEphemeralKey":"BXOGXF9iUCzep6JtYK4JOAwJuM9JDQWGqi3a6/lWE2op","previousCounter":0,"rootKey":"f0ZJRfFMigtEoEZPecn0Iur0ibr1/ss4rkDBXuBmFgw="},"indexInfo":{"baseKey":"BTB9Ix5Dld4Y+9RXrA+0urrCUzUhPEyAkY4vDs+NO/d/","baseKeyType":1,"closed":1682858409806,"used":1682858407348,"created":1682858407348,"remoteIdentityKey":"BVx74JwopGcdMgc6pNdpkngLJXs6UB7R2xj9QmGVISQk"},"_chains":{"BbyhkzaY2XUWFz7cP6ytqCT6VGiBQBL7zc1UxZvBCLYs":{"chainKey":{"counter":0,"key":"QprPCS9GqceAokpFdiXst/bx+08S66bbLl44eNivO2U="},"chainType":1,"messageKeys":{}}},"pendingPreKey":{"signedKeyId":0,"baseKey":"BTB9Ix5Dld4Y+9RXrA+0urrCUzUhPEyAkY4vDs+NO/d/","preKeyId":1420416}},"BZHJ9rbHHv2kHpEePfItAgEjCzINQP8huRBom412J7Qq":{"registrationId":873885916,"currentRatchet":{"ephemeralKeyPair":{"pubKey":"BZXEGgkUHNJk4nB+HxI4tJ/6CuG+f3PKxwru+MhfQZYO","privKey":"sBvSDIl/B0fcMvkZMckcGSowKisMlxHXqCSt8bqLTHQ="},"lastRemoteEphemeralKey":"BXOGXF9iUCzep6JtYK4JOAwJuM9JDQWGqi3a6/lWE2op","previousCounter":0,"rootKey":"ytfbP3HyeFHAqroY6T7s7vBtbuSUOPtJbq6IgaNS3GQ="},"indexInfo":{"baseKey":"BZHJ9rbHHv2kHpEePfItAgEjCzINQP8huRBom412J7Qq","baseKeyType":1,"closed":1682858450455,"used":1682858409796,"created":1682858409796,"remoteIdentityKey":"BVx74JwopGcdMgc6pNdpkngLJXs6UB7R2xj9QmGVISQk"},"_chains":{"BZXEGgkUHNJk4nB+HxI4tJ/6CuG+f3PKxwru+MhfQZYO":{"chainKey":{"counter":0,"key":"PL6HA5VjdTBVBDlqimGTWrn+enI0VDHbj59yx3M9oZ4="},"chainType":1,"messageKeys":{}}},"pendingPreKey":{"signedKeyId":0,"baseKey":"BZHJ9rbHHv2kHpEePfItAgEjCzINQP8huRBom412J7Qq","preKeyId":1420412}},"BfMg+tBl5Be7nyt/EYZOZFwngx2T2oLdf+Xk+FRaDfw3":{"registrationId":873885916,"currentRatchet":{"ephemeralKeyPair":{"pubKey":"BYACQ0ExPOR7JK4mtnxmy8lompcU2LR+r1SwD53VDNMX","privKey":"IMpIiAM4gZ7HZXMSDbUl1wgiHvNSN/1GRTz2PMt9RVU="},"lastRemoteEphemeralKey":"BXOGXF9iUCzep6JtYK4JOAwJuM9JDQWGqi3a6/lWE2op","previousCounter":0,"rootKey":"I8t+zIi3gr07BqOWOQ2ZP0siEMyhJEChoQ8FofPLCgA="},"indexInfo":{"baseKey":"BfMg+tBl5Be7nyt/EYZOZFwngx2T2oLdf+Xk+FRaDfw3","baseKeyType":1,"closed":1682858451831,"used":1682858450450,"created":1682858450450,"remoteIdentityKey":"BVx74JwopGcdMgc6pNdpkngLJXs6UB7R2xj9QmGVISQk"},"_chains":{"BYACQ0ExPOR7JK4mtnxmy8lompcU2LR+r1SwD53VDNMX":{"chainKey":{"counter":0,"key":"mThDd1aY5VyiK38lEdbSKDWARfP9j/VNuq/VeSerlgU="},"chainType":1,"messageKeys":{}}},"pendingPreKey":{"signedKeyId":0,"baseKey":"BfMg+tBl5Be7nyt/EYZOZFwngx2T2oLdf+Xk+FRaDfw3","preKeyId":1420544}},"BbkTnxcQ27/XsrfzbwxebRpsa40wHFk6KzXInuwYw2IR":{"registrationId":873885916,"currentRatchet":{"ephemeralKeyPair":{"pubKey":"BVkVfMtjOT1IsxLLJl2/gL0LhWqEzzxVOPU2GSDyrnNK","privKey":"0ELYj15KTHdLyYyPGt7cd2MNR6q1t5NBUWOfDr8/JUw="},"lastRemoteEphemeralKey":"BXOGXF9iUCzep6JtYK4JOAwJuM9JDQWGqi3a6/lWE2op","previousCounter":0,"rootKey":"Cl9MHfRBgDzECMyUbrxLyd+fQY+IYcF2Ho4pdubYoSA="},"indexInfo":{"baseKey":"BbkTnxcQ27/XsrfzbwxebRpsa40wHFk6KzXInuwYw2IR","baseKeyType":1,"closed":1682858453285,"used":1682858451822,"created":1682858451822,"remoteIdentityKey":"BVx74JwopGcdMgc6pNdpkngLJXs6UB7R2xj9QmGVISQk"},"_chains":{"BVkVfMtjOT1IsxLLJl2/gL0LhWqEzzxVOPU2GSDyrnNK":{"chainKey":{"counter":0,"key":"8X2AKeE6c1R9a3CX3kK4KJaWN5GvmZQ+MRosknCTc8w="},"chainType":1,"messageKeys":{}}},"pendingPreKey":{"signedKeyId":0,"baseKey":"BbkTnxcQ27/XsrfzbwxebRpsa40wHFk6KzXInuwYw2IR","preKeyId":1420910}},"Bc5khXG2C9ccAV5u4I5ODYO6hV9kK2nFIiO42I3kzBJ8":{"registrationId":873885916,"currentRatchet":{"ephemeralKeyPair":{"pubKey":"BS2EwzBa7F5B6BqQA4Z+2R0in9MccWKfhZsNWrefzuI1","privKey":"4PZL/AAntNaW4MSB+4Mwcn472FzQUle7Lp9T85YUVGg="},"lastRemoteEphemeralKey":"BXOGXF9iUCzep6JtYK4JOAwJuM9JDQWGqi3a6/lWE2op","previousCounter":0,"rootKey":"HSOroJuxDnFvvCmiGi0p6ZGkVkZPWrj14V58/xVn0II="},"indexInfo":{"baseKey":"Bc5khXG2C9ccAV5u4I5ODYO6hV9kK2nFIiO42I3kzBJ8","baseKeyType":1,"closed":1682858454632,"used":1682858453274,"created":1682858453274,"remoteIdentityKey":"BVx74JwopGcdMgc6pNdpkngLJXs6UB7R2xj9QmGVISQk"},"_chains":{"BS2EwzBa7F5B6BqQA4Z+2R0in9MccWKfhZsNWrefzuI1":{"chainKey":{"counter":0,"key":"GXbgistdQB0mjJwZNoF7b46aVbPrxcxsC9aGhuu5Y5U="},"chainType":1,"messageKeys":{}}},"pendingPreKey":{"signedKeyId":0,"baseKey":"Bc5khXG2C9ccAV5u4I5ODYO6hV9kK2nFIiO42I3kzBJ8","preKeyId":1420413}},"BSgSuRSl5LDv5u1pyM9cC1MMrpVSPTkTGnYqr9v1HpsV":{"registrationId":873885916,"currentRatchet":{"ephemeralKeyPair":{"pubKey":"BRbvtbacFCU0Yj3sQPEvoZmoOoVdc133nxEkWZBHnaV1","privKey":"AJKRJ5gQXRVMYIH7LgDr8hbo+rOdSMUTcrf2EC2HTFo="},"lastRemoteEphemeralKey":"BXOGXF9iUCzep6JtYK4JOAwJuM9JDQWGqi3a6/lWE2op","previousCounter":0,"rootKey":"oJzEYuV746/fwEBiOrpzT1wmAnU4HrjoYLxsCJ1egnc="},"indexInfo":{"baseKey":"BSgSuRSl5LDv5u1pyM9cC1MMrpVSPTkTGnYqr9v1HpsV","baseKeyType":1,"closed":1682858456222,"used":1682858454627,"created":1682858454627,"remoteIdentityKey":"BVx74JwopGcdMgc6pNdpkngLJXs6UB7R2xj9QmGVISQk"},"_chains":{"BRbvtbacFCU0Yj3sQPEvoZmoOoVdc133nxEkWZBHnaV1":{"chainKey":{"counter":0,"key":"dJxLT5rSO+/2jL2AY+Q63vAEuVp/6GEQyDCgkrIcuaY="},"chainType":1,"messageKeys":{}}},"pendingPreKey":{"signedKeyId":0,"baseKey":"BSgSuRSl5LDv5u1pyM9cC1MMrpVSPTkTGnYqr9v1HpsV","preKeyId":1420966}},"BeNXn8Zck5+wL7aR6V+gQDdjwxwPLGzwUQU7pQf8z1BX":{"registrationId":873885916,"currentRatchet":{"ephemeralKeyPair":{"pubKey":"BU1tvdjQnKqA4qbrdBnnciSClu4XfBlYsu5383QAQG5J","privKey":"6DNI6kvevyMSRsr8jd0Agv8h5Yo6XBkV+GJyXDs6yl4="},"lastRemoteEphemeralKey":"BXOGXF9iUCzep6JtYK4JOAwJuM9JDQWGqi3a6/lWE2op","previousCounter":0,"rootKey":"zAd7fxK9N/cL/2H0zBII4A7n/9Aa3175RHGFfgeQQ2I="},"indexInfo":{"baseKey":"BeNXn8Zck5+wL7aR6V+gQDdjwxwPLGzwUQU7pQf8z1BX","baseKeyType":1,"closed":1682858457714,"used":1682858456190,"created":1682858456190,"remoteIdentityKey":"BVx74JwopGcdMgc6pNdpkngLJXs6UB7R2xj9QmGVISQk"},"_chains":{"BU1tvdjQnKqA4qbrdBnnciSClu4XfBlYsu5383QAQG5J":{"chainKey":{"counter":0,"key":"ONU8tc+M5zdnM5NjxVy58iz7QOPpijHjdH2l0ht4Z1U="},"chainType":1,"messageKeys":{}}},"pendingPreKey":{"signedKeyId":0,"baseKey":"BeNXn8Zck5+wL7aR6V+gQDdjwxwPLGzwUQU7pQf8z1BX","preKeyId":1420358}},"BfZwKW4e5cxuwleVjGRW8ZDfTTHh/thi6ZjRC8nO060p":{"registrationId":873885916,"currentRatchet":{"ephemeralKeyPair":{"pubKey":"BUGO9EB2uPMyiMK842g+5RSciwevKZy6LxZvNYkcgQde","privKey":"GM9n+o63MALoNbGQYjKm3fFnUvprW1WoaFMxG1eb+2c="},"lastRemoteEphemeralKey":"BXOGXF9iUCzep6JtYK4JOAwJuM9JDQWGqi3a6/lWE2op","previousCounter":0,"rootKey":"YX7fh4FGuD3DUTmGbIVGgpBSmxYKL9PyUxYZIddlv+8="},"indexInfo":{"baseKey":"BfZwKW4e5cxuwleVjGRW8ZDfTTHh/thi6ZjRC8nO060p","baseKeyType":1,"closed":1682858458940,"used":1682858457707,"created":1682858457707,"remoteIdentityKey":"BVx74JwopGcdMgc6pNdpkngLJXs6UB7R2xj9QmGVISQk"},"_chains":{"BUGO9EB2uPMyiMK842g+5RSciwevKZy6LxZvNYkcgQde":{"chainKey":{"counter":0,"key":"V7HQei3n98Iv5LfjUCP5kKzRGFDdmdiFxiJg+Z/k+HU="},"chainType":1,"messageKeys":{}}},"pendingPreKey":{"signedKeyId":0,"baseKey":"BfZwKW4e5cxuwleVjGRW8ZDfTTHh/thi6ZjRC8nO060p","preKeyId":1420469}},"BchilvZ+GMaRc9Mv1i5TO0m2ApB2i3V6V6fzj6hIB9xc":{"registrationId":873885916,"currentRatchet":{"ephemeralKeyPair":{"pubKey":"BT0zdDlk21RONdk+ofJnAV+atCCm0TuJgk+ro8FZ8pxM","privKey":"AFXJVX6f1B0FItS1m5rI5sm7IKKRG4UTGus/Qcr7E2g="},"lastRemoteEphemeralKey":"BXOGXF9iUCzep6JtYK4JOAwJuM9JDQWGqi3a6/lWE2op","previousCounter":0,"rootKey":"atyJIf2Oq0cSI+MtNUu0V4yqlLTsIlWPlnyhtJP9XFw="},"indexInfo":{"baseKey":"BchilvZ+GMaRc9Mv1i5TO0m2ApB2i3V6V6fzj6hIB9xc","baseKeyType":1,"closed":1682858460489,"used":1682858458935,"created":1682858458935,"remoteIdentityKey":"BVx74JwopGcdMgc6pNdpkngLJXs6UB7R2xj9QmGVISQk"},"_chains":{"BT0zdDlk21RONdk+ofJnAV+atCCm0TuJgk+ro8FZ8pxM":{"chainKey":{"counter":0,"key":"xjtPwRyG5We2o+BAHCo4jSu7AFDn06iEpj/V2HZcXuU="},"chainType":1,"messageKeys":{}}},"pendingPreKey":{"signedKeyId":0,"baseKey":"BchilvZ+GMaRc9Mv1i5TO0m2ApB2i3V6V6fzj6hIB9xc","preKeyId":1420561}},"Bd3ZZy10WNWkBdsWLVBQtZ8I55HJrPnoM2xuL1eAjNZP":{"registrationId":873885916,"currentRatchet":{"ephemeralKeyPair":{"pubKey":"BaHPpz1/0VYgavj10yYdVaLrl2FyDy1mLzGMRzEw71JW","privKey":"0Mv/GUXW82pMSuH4TtIH+MZQk2htV181pCOEE7dHOE4="},"lastRemoteEphemeralKey":"BXOGXF9iUCzep6JtYK4JOAwJuM9JDQWGqi3a6/lWE2op","previousCounter":0,"rootKey":"Lvg4ZcDIB9ePuIJ+u/xqXGkHKOuO+eZLCDDWjDj9Gxg="},"indexInfo":{"baseKey":"Bd3ZZy10WNWkBdsWLVBQtZ8I55HJrPnoM2xuL1eAjNZP","baseKeyType":1,"closed":1682858461830,"used":1682858460365,"created":1682858460365,"remoteIdentityKey":"BVx74JwopGcdMgc6pNdpkngLJXs6UB7R2xj9QmGVISQk"},"_chains":{"BaHPpz1/0VYgavj10yYdVaLrl2FyDy1mLzGMRzEw71JW":{"chainKey":{"counter":0,"key":"5Dk8LxhzCiHBwjic5ZUcQdQ0B9tO5XKEHKUWUhmysoE="},"chainType":1,"messageKeys":{}}},"pendingPreKey":{"signedKeyId":0,"baseKey":"Bd3ZZy10WNWkBdsWLVBQtZ8I55HJrPnoM2xuL1eAjNZP","preKeyId":1420493}},"BdLLbrj3DSgZA9hE1OiokFAdYY0/SKJujRfYBxjR+BVS":{"registrationId":873885916,"currentRatchet":{"ephemeralKeyPair":{"pubKey":"BZsWfCGxBtOovVom3drxClF6FtBhXEdA+2csyptYrtBw","privKey":"8DVl/sbzNH0mV2FLQAviW8tKsz/v+46xiKX7NPCBA38="},"lastRemoteEphemeralKey":"BXOGXF9iUCzep6JtYK4JOAwJuM9JDQWGqi3a6/lWE2op","previousCounter":0,"rootKey":"NLX/SxjtlV+ZsRRdVGrSuoBrQylY7S1z4R+xdQZuSEI="},"indexInfo":{"baseKey":"BdLLbrj3DSgZA9hE1OiokFAdYY0/SKJujRfYBxjR+BVS","baseKeyType":1,"closed":1682858463460,"used":1682858461822,"created":1682858461822,"remoteIdentityKey":"BVx74JwopGcdMgc6pNdpkngLJXs6UB7R2xj9QmGVISQk"},"_chains":{"BZsWfCGxBtOovVom3drxClF6FtBhXEdA+2csyptYrtBw":{"chainKey":{"counter":0,"key":"Pwy0T8Beu5TX1rr2Stuc9UrKyHicydyAaPdgMkHSPqc="},"chainType":1,"messageKeys":{}}},"pendingPreKey":{"signedKeyId":0,"baseKey":"BdLLbrj3DSgZA9hE1OiokFAdYY0/SKJujRfYBxjR+BVS","preKeyId":1420533}},"BZXN/3R7En2qZ+s9uscLfQrj3dhE4Cg2YAsxkqimldNG":{"registrationId":873885916,"currentRatchet":{"ephemeralKeyPair":{"pubKey":"BfE3lBm1dBVWbSxsyuD6GzbFaCtud2vsbw/DPSVsXY4y","privKey":"QDnjCE64IZQRB6ZrqXDM/FxDthbLE3q04rZ53sbWgGQ="},"lastRemoteEphemeralKey":"BXOGXF9iUCzep6JtYK4JOAwJuM9JDQWGqi3a6/lWE2op","previousCounter":0,"rootKey":"EHs5+JYqsVVaciSunlTxpH0FZMQkBkBcOasX4FDDz10="},"indexInfo":{"baseKey":"BZXN/3R7En2qZ+s9uscLfQrj3dhE4Cg2YAsxkqimldNG","baseKeyType":1,"closed":1682858464753,"used":1682858463431,"created":1682858463431,"remoteIdentityKey":"BVx74JwopGcdMgc6pNdpkngLJXs6UB7R2xj9QmGVISQk"},"_chains":{"BfE3lBm1dBVWbSxsyuD6GzbFaCtud2vsbw/DPSVsXY4y":{"chainKey":{"counter":0,"key":"9Gi7AsoB4lqETWpJZROYACI84Mgz02Rf/2p/vyWYyuI="},"chainType":1,"messageKeys":{}}},"pendingPreKey":{"signedKeyId":0,"baseKey":"BZXN/3R7En2qZ+s9uscLfQrj3dhE4Cg2YAsxkqimldNG","preKeyId":1420549}},"Bb6aX48IlqS/krmrk0skuCg7uUM9UZatcZcGd8ctcFFh":{"registrationId":873885916,"currentRatchet":{"ephemeralKeyPair":{"pubKey":"BQ+zz1QNZdczsZxCCRN2EChaSBxFqBQD9godANm5jisg","privKey":"OPaQTc/1WDI9tGjzgk5aGKk9FrKE3ZQhG5NvLhGS8WA="},"lastRemoteEphemeralKey":"BXOGXF9iUCzep6JtYK4JOAwJuM9JDQWGqi3a6/lWE2op","previousCounter":0,"rootKey":"Pf1MiI0aCdGIwPPJsPdNVwCG+QsBT9NzImMHsi2QDDc="},"indexInfo":{"baseKey":"Bb6aX48IlqS/krmrk0skuCg7uUM9UZatcZcGd8ctcFFh","baseKeyType":1,"closed":1682858466424,"used":1682858464721,"created":1682858464721,"remoteIdentityKey":"BVx74JwopGcdMgc6pNdpkngLJXs6UB7R2xj9QmGVISQk"},"_chains":{"BQ+zz1QNZdczsZxCCRN2EChaSBxFqBQD9godANm5jisg":{"chainKey":{"counter":0,"key":"DvD9n2F3TicHm+lwg/CFQI1TUJrmU5J3eaLzAUMm0es="},"chainType":1,"messageKeys":{}}},"pendingPreKey":{"signedKeyId":0,"baseKey":"Bb6aX48IlqS/krmrk0skuCg7uUM9UZatcZcGd8ctcFFh","preKeyId":1420390}},"BW+BU6wb+CyDJpxT6DWmUUg4qMOLhx69vvnf/Ko9Ayti":{"registrationId":873885916,"currentRatchet":{"ephemeralKeyPair":{"pubKey":"BZP+M1Az3RIOgMllWXc+6JPuyfWtm0at7o4oN2SA7+0S","privKey":"0EyIqOWJ+T7Vxf1uH2m0nyesL6L4DHAdsFtfV4PeTWI="},"lastRemoteEphemeralKey":"BXOGXF9iUCzep6JtYK4JOAwJuM9JDQWGqi3a6/lWE2op","previousCounter":0,"rootKey":"z8d2rIFNerZIEDL/692FMuCYm7sC5UePS5iYuotxiJA="},"indexInfo":{"baseKey":"BW+BU6wb+CyDJpxT6DWmUUg4qMOLhx69vvnf/Ko9Ayti","baseKeyType":1,"closed":-1,"used":1682858466414,"created":1682858466414,"remoteIdentityKey":"BVx74JwopGcdMgc6pNdpkngLJXs6UB7R2xj9QmGVISQk"},"_chains":{"BZP+M1Az3RIOgMllWXc+6JPuyfWtm0at7o4oN2SA7+0S":{"chainKey":{"counter":0,"key":"6gdxMif63yTyNaAa1YTROykMdZW4VPWIxJA+Awkki4I="},"chainType":1,"messageKeys":{}}},"pendingPreKey":{"signedKeyId":0,"baseKey":"BW+BU6wb+CyDJpxT6DWmUUg4qMOLhx69vvnf/Ko9Ayti","preKeyId":1420400}}},"version":"v1"}