{"_sessions":{"BQwZTpZQ/fdPk9TTZVltRwBFkeM6gpVMMrU6iBvxM0oR":{"registrationId":1473598994,"currentRatchet":{"ephemeralKeyPair":{"pubKey":"BZJGyx6g613B7zPHDhepr3Shfb014pujPBXd/AqUaRox","privKey":"kM61S+bKqL00SL9zO7K1Lhva82+UmrgQltnzblflkXU="},"lastRemoteEphemeralKey":"BQN/7aCuDSMmaWNc0h0P0MXYR2ql7RS/XYppwuCE7yYQ","previousCounter":0,"rootKey":"uYFONyMjPA4sHCNTbFDihapW3nw1d+k2d67APeLLsX0="},"indexInfo":{"baseKey":"BQwZTpZQ/fdPk9TTZVltRwBFkeM6gpVMMrU6iBvxM0oR","baseKeyType":1,"closed":-1,"used":1682852949925,"created":1682852949925,"remoteIdentityKey":"BV5Ezi78H894wyuKcfxav0Z9iyyvFCc034yewsjF1vVS"},"_chains":{"BZJGyx6g613B7zPHDhepr3Shfb014pujPBXd/AqUaRox":{"chainKey":{"counter":17,"key":"UraHoCT+uHNvoDfThOQ4mQ7YPdjpxWJ6myjUb/kLeoU="},"chainType":1,"messageKeys":{}}},"pendingPreKey":{"signedKeyId":8,"baseKey":"BQwZTpZQ/fdPk9TTZVltRwBFkeM6gpVMMrU6iBvxM0oR","preKeyId":15440970}}},"version":"v1"}