{"_sessions":{"BYAF4xN85ZBGbdaOlfE1z7ySTQuNws8EKgSOhbdsgvh1":{"registrationId":712768389,"currentRatchet":{"ephemeralKeyPair":{"pubKey":"BfJKGSrCoAk3PQ202COGqanhAhZSrYsG24N1DaPhS68h","privKey":"EFXSQ2JC8fZuOZGVXmEuPfiFG4WpOqjHy/JPufzCJXw="},"lastRemoteEphemeralKey":"BXvRM8giPMSheUjaQbzmha3Ju16qFVIYB7SsZ0laiTIo","previousCounter":0,"rootKey":"DQZsCtHeDmjdV7Y/t4+SQhIxRqLgSEWnvJUwbMRo/PY="},"indexInfo":{"baseKey":"BYAF4xN85ZBGbdaOlfE1z7ySTQuNws8EKgSOhbdsgvh1","baseKeyType":1,"closed":-1,"used":1682852949874,"created":1682852949874,"remoteIdentityKey":"BRl0Z83yrv74+fhgpqLs1MjcXxjdYsr/xdm89c2y8RJ7"},"_chains":{"BfJKGSrCoAk3PQ202COGqanhAhZSrYsG24N1DaPhS68h":{"chainKey":{"counter":17,"key":"HL2QsEhYTyfaVKUrYnr/NTXmG2L1DgKeFoPr3Ux/Y1o="},"chainType":1,"messageKeys":{}}},"pendingPreKey":{"signedKeyId":0,"baseKey":"BYAF4xN85ZBGbdaOlfE1z7ySTQuNws8EKgSOhbdsgvh1","preKeyId":12679558}}},"version":"v1"}