{"_sessions":{"BRU4s1buG/oRCvqj4bzKwel7RgGJGxVY1MVAD76cYrFP":{"registrationId":1275131184,"currentRatchet":{"ephemeralKeyPair":{"pubKey":"BS21DPtZryhe/549/T+oJW6naT66kZXQVcsCQUPRrf0K","privKey":"qBNCuhA0V7YWt35RPQaP74+jcd+oMw93Vh2Ah15FgV0="},"lastRemoteEphemeralKey":"BZWpTDCNb5wJlWgPkXRH3bGGLKZMSeQgpNZDBqR/oWN0","previousCounter":0,"rootKey":"C19Eaib5uatBO7/57HflS24uG/O7hYBXlcTercnda7s="},"indexInfo":{"baseKey":"BRU4s1buG/oRCvqj4bzKwel7RgGJGxVY1MVAD76cYrFP","baseKeyType":1,"closed":-1,"used":1682852962318,"created":1682852949868,"remoteIdentityKey":"BVo4NZcjiFFE3fptzF95P7ded8E+BujLKFaPKqEcAGRK"},"_chains":{"BZWpTDCNb5wJlWgPkXRH3bGGLKZMSeQgpNZDBqR/oWN0":{"chainKey":{"counter":0,"key":"sG6XP1Y/DHynEVo867VLcbZDrCOBpokLct/wf0PVNM4="},"chainType":2,"messageKeys":{}},"BS21DPtZryhe/549/T+oJW6naT66kZXQVcsCQUPRrf0K":{"chainKey":{"counter":16,"key":"GFzM3qGK57LREy6r2pjOdEMaRXPlEzvgQKczmYxSGec="},"chainType":1,"messageKeys":{}}}}},"version":"v1"}