{"_sessions":{"BcOST5U8R+HtDaWbQAwHtCNw5A/EaMrd6HFYJ174yy4q":{"registrationId":1214392691,"currentRatchet":{"ephemeralKeyPair":{"pubKey":"BZLQH1aAi9p7F5bVvlnxBg0lJdHdL3cd1ZYRqEJ1yQYU","privKey":"uIDQThY77Fd8qUU/x3tJwmlW006pGnOiISMxHYC+/Xk="},"lastRemoteEphemeralKey":"BbQAud7YuiiWEh0lib6Q8ZWWjfMpr3090G6PT8Wh1X0o","previousCounter":0,"rootKey":"FAdv5YO5mTP3gWkNjhpmSH9NrWKjcispQTLZ4pT1KmQ="},"indexInfo":{"baseKey":"BcOST5U8R+HtDaWbQAwHtCNw5A/EaMrd6HFYJ174yy4q","baseKeyType":1,"closed":-1,"used":1682859451039,"created":1682852752207,"remoteIdentityKey":"BYv0taw/HwRyTQLWn3mLWJrmBPbQxvTRA7dhYDwHQic1"},"_chains":{"BUpS2QS7i6oV8Ch+zAdi4mh1fxs/tqV1u+6zhochDT9R":{"chainKey":{"counter":0},"chainType":2,"messageKeys":{}},"BbQAud7YuiiWEh0lib6Q8ZWWjfMpr3090G6PT8Wh1X0o":{"chainKey":{"counter":1,"key":"hAsKhKp+PzGjhVT0sTs5z64hI7NgFeFYjIfVzaWUzIc="},"chainType":2,"messageKeys":{}},"BZLQH1aAi9p7F5bVvlnxBg0lJdHdL3cd1ZYRqEJ1yQYU":{"chainKey":{"counter":-1,"key":"qbW1gOXuaPlm9QzmYv7u6dk1tKsYuckxkmNgseMBS+M="},"chainType":1,"messageKeys":{}}}}},"version":"v1"}