{"_sessions":{"Bf8jgf6PpJYTDNfefs5Y2xGGYgXc/7YPuIVaZcNUBCFv":{"registrationId":265293790,"currentRatchet":{"ephemeralKeyPair":{"pubKey":"BeZAVuIlKTaNICUTB5MVXKL+1YuIcHDUnqjR0wktbzRH","privKey":"iL9gqiP5oJFjB/A9wM0Vpl1Budstzd3oaBgO9GoKx1s="},"lastRemoteEphemeralKey":"BcSAyyElBWeBVzh+DmlioAv1+sQ6xt6AVwBCHgofP/YR","previousCounter":0,"rootKey":"9qz+pbovBl1T/GmuTchZOT8F43k0jWYXGvRVfnjksYE="},"indexInfo":{"baseKey":"Bf8jgf6PpJYTDNfefs5Y2xGGYgXc/7YPuIVaZcNUBCFv","baseKeyType":1,"closed":-1,"used":1682853272266,"created":1682853272266,"remoteIdentityKey":"BUlXVvjIw50qSAFzBKUHAPbNv67jWy2fYLWsCr0r5d0k"},"_chains":{"BeZAVuIlKTaNICUTB5MVXKL+1YuIcHDUnqjR0wktbzRH":{"chainKey":{"counter":0,"key":"QePAXCQkHs23X/WmW4/HNMH6E/yFUGUe9Ep6rI8KuFw="},"chainType":1,"messageKeys":{}}},"pendingPreKey":{"signedKeyId":4,"baseKey":"Bf8jgf6PpJYTDNfefs5Y2xGGYgXc/7YPuIVaZcNUBCFv","preKeyId":6383477}}},"version":"v1"}