{"_sessions":{"BbdCYbv83oyNpX5hxd4D/z0iEzogLecasFHNqKbpoqdn":{"registrationId":1317189898,"currentRatchet":{"ephemeralKeyPair":{"pubKey":"BdFqMyR2Wa8/OBv6BgbXksGFgLiGeyr7PP2KTJK7IEtb","privKey":"IM8Lzr3DZXONMPVZgIi0gKUYLiVzm7UiRnrQFk76VGY="},"lastRemoteEphemeralKey":"BRRdDXaTFufyR9vZufg4x2P3bLafX82hENflyG9NcTkz","previousCounter":0,"rootKey":"eSaPuiV+m7Yh4Q9pNWZEiV+gZaGu0NvoDmabT2EV2mM="},"indexInfo":{"baseKey":"BbdCYbv83oyNpX5hxd4D/z0iEzogLecasFHNqKbpoqdn","baseKeyType":1,"closed":-1,"used":1682853272250,"created":1682853272250,"remoteIdentityKey":"BTTVSiNW4edZciTuFUgZwEqHmH0spmxGqyV3e/mTdWIy"},"_chains":{"BdFqMyR2Wa8/OBv6BgbXksGFgLiGeyr7PP2KTJK7IEtb":{"chainKey":{"counter":0,"key":"gp+KRJEBRRHw0EksQMJgtMdA3z6yk9G8EeBhuNBx4jY="},"chainType":1,"messageKeys":{}}},"pendingPreKey":{"signedKeyId":9,"baseKey":"BbdCYbv83oyNpX5hxd4D/z0iEzogLecasFHNqKbpoqdn","preKeyId":2288787}}},"version":"v1"}