{"_sessions":{"BW0LGJAFrQsWDaRqyPORasxiSDiFJHvQ3Z9kOyoCN/pV":{"registrationId":1664470598,"currentRatchet":{"ephemeralKeyPair":{"pubKey":"BUaDWtIzbkNfvhx019elzy12pkw9jbKZXJamqtpYJNkW","privKey":"QNh+BVmtGrYtZnwy1j+bDsJQ3c8tHR1V8nJUTjpJEEw="},"lastRemoteEphemeralKey":"Barmxu59W50oPpC5K+JlPg+gXcCZTyXr1P3T6dXMu2k5","previousCounter":0,"rootKey":"26LxXuTNO2hYkcdWAuMhLuikRAogD2gaBhUMw198oeo="},"indexInfo":{"baseKey":"BW0LGJAFrQsWDaRqyPORasxiSDiFJHvQ3Z9kOyoCN/pV","baseKeyType":1,"closed":-1,"used":1682853272310,"created":1682853272310,"remoteIdentityKey":"BcwsqnReqQ0yczeDc8HpE069MEfbKLTMGwum/2yHlR0+"},"_chains":{"BUaDWtIzbkNfvhx019elzy12pkw9jbKZXJamqtpYJNkW":{"chainKey":{"counter":0,"key":"Vny5CIguZCQDvSfssPo2xu69zG1ExfMm2L5A45CACwQ="},"chainType":1,"messageKeys":{}}},"pendingPreKey":{"signedKeyId":0,"baseKey":"BW0LGJAFrQsWDaRqyPORasxiSDiFJHvQ3Z9kOyoCN/pV","preKeyId":7092287}}},"version":"v1"}