{"_sessions":{"BSCK3Z6FGl3LzcwYJGEcq4HjWLHPGqh+rDvJyjrm7e4T":{"registrationId":1543463209,"currentRatchet":{"ephemeralKeyPair":{"pubKey":"BbMsaPtQwCnwMtTF8mnGnKCMwSoZR9f48Pgc5vo4pRYM","privKey":"uFA0/Uv877cTagKXv6Z/oqsm/IDUwxyGh7LnKb5b3l4="},"lastRemoteEphemeralKey":"BVs97ykmiQy62KFbaXRtWzi/gptBjhZYDbx7/i7sMepP","previousCounter":0,"rootKey":"kBfA3DphXxBdAjQVWhEeY7tmvmBOFyCzdkTWY8WF7QQ="},"indexInfo":{"baseKey":"BSCK3Z6FGl3LzcwYJGEcq4HjWLHPGqh+rDvJyjrm7e4T","baseKeyType":1,"closed":-1,"used":1682853272352,"created":1682853272352,"remoteIdentityKey":"Bf2EdGeAfB4cpb751qgfeGlACuElNj/Viw87JIkly1U4"},"_chains":{"BbMsaPtQwCnwMtTF8mnGnKCMwSoZR9f48Pgc5vo4pRYM":{"chainKey":{"counter":0,"key":"dWcOP4WVMV/7kopS76nRQ72w9NfVGmKYcKBhmM/Wt8E="},"chainType":1,"messageKeys":{}}},"pendingPreKey":{"signedKeyId":1,"baseKey":"BSCK3Z6FGl3LzcwYJGEcq4HjWLHPGqh+rDvJyjrm7e4T","preKeyId":1385068}}},"version":"v1"}