{"_sessions":{"BS+IHWekzBSUZSKG+B3HjjobF3MF+MD3w19VR90ABOIQ":{"registrationId":2140287097,"currentRatchet":{"ephemeralKeyPair":{"pubKey":"BaC++sMdRiE1xQYPAkprmbeOBHqtx6gSkZwzt6oQZE5H","privKey":"QNjSyGD3u7pbxefTSn481W0hh+rLqHbrLtM3ukgaFG4="},"lastRemoteEphemeralKey":"BUPtDd2cKtYtTaAO/NgrgtUqKxyQ9z5mptXP4xS0YH9X","previousCounter":0,"rootKey":"yLNeGM+BMKYPnTdAp5PnAcZIohBZZjcT6DtkaGrZlHc="},"indexInfo":{"baseKey":"BS+IHWekzBSUZSKG+B3HjjobF3MF+MD3w19VR90ABOIQ","baseKeyType":1,"closed":-1,"used":1682853272378,"created":1682853272378,"remoteIdentityKey":"BfL6+55yS7mBc9ANELDzM2McDS23APIJnGYSXISPFr0a"},"_chains":{"BaC++sMdRiE1xQYPAkprmbeOBHqtx6gSkZwzt6oQZE5H":{"chainKey":{"counter":0,"key":"3WGa8Yj45b2wLBDtmk05y1qkybMugQyU58Yy92o3cCg="},"chainType":1,"messageKeys":{}}},"pendingPreKey":{"signedKeyId":2,"baseKey":"BS+IHWekzBSUZSKG+B3HjjobF3MF+MD3w19VR90ABOIQ","preKeyId":14210896}}},"version":"v1"}