{"_sessions":{"BarmRokbAUwME98J4yTdebSdfGVQvrasbbIZY3EKAZU9":{"registrationId":1809642143,"currentRatchet":{"ephemeralKeyPair":{"pubKey":"BW2KeHaxWRIGQGOylcwMEu96Q3RtE3G3Q3aZw9nkma9C","privKey":"UHQvMqKswC6LTp8eWM89bgp4bOgFXelUiKDfWOiweUQ="},"lastRemoteEphemeralKey":"BbT9nMrX3AL2b40IwzneO4CRY8UJsn1cDhYwrymJeMxk","previousCounter":0,"rootKey":"xsay5zpqx+bzy/mUzxOknen526oLdl631ZA7ehgW1gg="},"indexInfo":{"baseKey":"BarmRokbAUwME98J4yTdebSdfGVQvrasbbIZY3EKAZU9","baseKeyType":1,"closed":-1,"used":1682853272383,"created":1682853272383,"remoteIdentityKey":"BTMiUMyk0DJ+FiK3sx27Ava2HBNU9WyoPwQQb7Z1RMUu"},"_chains":{"BW2KeHaxWRIGQGOylcwMEu96Q3RtE3G3Q3aZw9nkma9C":{"chainKey":{"counter":0,"key":"4pN//ZE8cb5SVjUP06Fh+ae8l3KVyzgVdfwcj9IXYek="},"chainType":1,"messageKeys":{}}},"pendingPreKey":{"signedKeyId":0,"baseKey":"BarmRokbAUwME98J4yTdebSdfGVQvrasbbIZY3EKAZU9","preKeyId":12419621}}},"version":"v1"}