{"_sessions":{"BVrgwKMNSMQWJJGe3gn+eeCSj4nBAzPOc5RkeSfbdHFC":{"registrationId":1542639996,"currentRatchet":{"ephemeralKeyPair":{"pubKey":"BYmKfvlgAMOT12wLoLMP3LUJMCkxL0MrvAVmlKUquMd8","privKey":"QMHK0hcWnSfrHAFIFnh15eHyLGJVSZGvkRGrNLXle1Q="},"lastRemoteEphemeralKey":"BVNQsV79Phbd5Y/cwSHu6eKm2Jm357Gixmubo+lO3Ypf","previousCounter":0,"rootKey":"sn56sXCFHw4YyytJfr7loloIkkA+diYbNVV+tH+Y4hk="},"indexInfo":{"baseKey":"BVrgwKMNSMQWJJGe3gn+eeCSj4nBAzPOc5RkeSfbdHFC","baseKeyType":1,"closed":-1,"used":1682852949937,"created":1682852949937,"remoteIdentityKey":"BV1/ZNNaYzMSIy/+QgNQwIGAywotsh0w5aBP/vvhCn12"},"_chains":{"BYmKfvlgAMOT12wLoLMP3LUJMCkxL0MrvAVmlKUquMd8":{"chainKey":{"counter":17,"key":"SLnd/WT/Px+WnjmE7oVHt9wiKYGwbWIjkYGVdXmmM/o="},"chainType":1,"messageKeys":{}}},"pendingPreKey":{"signedKeyId":13,"baseKey":"BVrgwKMNSMQWJJGe3gn+eeCSj4nBAzPOc5RkeSfbdHFC","preKeyId":5872343}}},"version":"v1"}