{"_sessions":{"BbBE0966RKpcWZUOjXrw5+XjPkKPtrHygaX/0QCRaO89":{"registrationId":607721046,"currentRatchet":{"ephemeralKeyPair":{"pubKey":"BULLX/1Dl2x+/BhyRjnx4w0pqHrebDD3W+meWQ9agJlx","privKey":"iBBCdF0wmDPWDX72I4bZ6Ayz2HWQjQMHTEn4NdMp8HA="},"lastRemoteEphemeralKey":"BZyAaEig+RNfRFSiLLnyBIfQyEKjcxJNVD4xkflENjMy","previousCounter":0,"rootKey":"mwjV2RLIHEGOyEEi2Qi7i+3ZzeEWQ2AmY1COrsWz1p4="},"indexInfo":{"baseKey":"BbBE0966RKpcWZUOjXrw5+XjPkKPtrHygaX/0QCRaO89","baseKeyType":1,"closed":-1,"used":1682856863330,"created":1682852949955,"remoteIdentityKey":"Bf7w/RACCLH3gV2FrI+QlBXzSDtvAiHYtuS4IZliywUq"},"_chains":{"BZyAaEig+RNfRFSiLLnyBIfQyEKjcxJNVD4xkflENjMy":{"chainKey":{"counter":1,"key":"U7YDawlSkSCvzQmCqX+KzX+xLAEmqJg6S0dj9ordL+g="},"chainType":2,"messageKeys":{}},"BULLX/1Dl2x+/BhyRjnx4w0pqHrebDD3W+meWQ9agJlx":{"chainKey":{"counter":16,"key":"MyMowy/3HMRXWSzxnbqRz9hIhAGrOG1x6nXtecJEZFg="},"chainType":1,"messageKeys":{}}}}},"version":"v1"}