{"_sessions":{"Bd4cqGMsVPvxo2yQZUFelj79wx5rAn0891ipoGYW2sZ9":{"registrationId":1429573454,"currentRatchet":{"ephemeralKeyPair":{"pubKey":"BesKYC+7KKyKX2ibBfTfpoQQh1Gl5Fv0AjmjO+A1YNQL","privKey":"aCkoRo955Qptz/vFlfWs6bJlKAm8Ec3rHL6H9SQfpmI="},"lastRemoteEphemeralKey":"BcsvepkQ4BA11K3gchDe544uxB2XAO1drhrKuPK+uGU0","previousCounter":0,"rootKey":"f4lzoQ8olsHyD7gRmeBoU4n8hUgoWvVXlpl1M7xPQ2Q="},"indexInfo":{"baseKey":"Bd4cqGMsVPvxo2yQZUFelj79wx5rAn0891ipoGYW2sZ9","baseKeyType":1,"closed":-1,"used":1682853272295,"created":1682853272295,"remoteIdentityKey":"BR5UTYY2n0oH/0bRIyXKVs63DZ3xej75x3SijVTCqfNj"},"_chains":{"BesKYC+7KKyKX2ibBfTfpoQQh1Gl5Fv0AjmjO+A1YNQL":{"chainKey":{"counter":0,"key":"2i3hyCjnbRBVo7GVIRyxOBNxIDkq+5kHXObWhbread0="},"chainType":1,"messageKeys":{}}},"pendingPreKey":{"signedKeyId":0,"baseKey":"Bd4cqGMsVPvxo2yQZUFelj79wx5rAn0891ipoGYW2sZ9","preKeyId":2912735}}},"version":"v1"}