{"_sessions":{"BXl+4u12M8tIIppk8mrVn/i2p0RAS5NtQZvqr8fQYgof":{"registrationId":986988368,"currentRatchet":{"ephemeralKeyPair":{"pubKey":"BdmwgAQ/gCJKsAyJyFNrnNoYLNK0/oi5qUUX/g1oGyo6","privKey":"AG6v3H7/Okg5ghblqSuNPiXpuVEpejUhky/iEzHlw18="},"lastRemoteEphemeralKey":"BZ5xsiB44vaKsHUJox/036TN+zlgRfkVtxkSmym7svll","previousCounter":0,"rootKey":"twSv3Pdwo0hyAsNwTHjxLczmyw4x4ZPBZO95/YE/H7Q="},"indexInfo":{"baseKey":"BXl+4u12M8tIIppk8mrVn/i2p0RAS5NtQZvqr8fQYgof","baseKeyType":1,"closed":-1,"used":1682857015444,"created":1682852949963,"remoteIdentityKey":"BcCNJ0dlYSYJCEH4YC+6ULK0w5fMNTC4Y/+XJyYfSF9s"},"_chains":{"BZ5xsiB44vaKsHUJox/036TN+zlgRfkVtxkSmym7svll":{"chainKey":{"counter":0,"key":"y/5qLWSnGvTNJbRvlPlfQDnGWgG6Z2+3M2K4RD9ysy8="},"chainType":2,"messageKeys":{}},"BdmwgAQ/gCJKsAyJyFNrnNoYLNK0/oi5qUUX/g1oGyo6":{"chainKey":{"counter":16,"key":"BCmHD8FazgCQf/vXXPRNZhg+JSeweOV/2DY54WHo6aM="},"chainType":1,"messageKeys":{}}}}},"version":"v1"}