{"_sessions":{"BRku71V/7DpE7fXrNW8tjjPMSxk/5WHbV1w49KaTP5B+":{"registrationId":1318878479,"currentRatchet":{"ephemeralKeyPair":{"pubKey":"BSOHyfqOcTvVxFu3HCYWHOv1pPMdDFaw68LtbP6aRQJq","privKey":"cPctGxt2WCWIr8jFR1PIWQlw34ocmIDAhd475U2r7GY="},"lastRemoteEphemeralKey":"BaPhkz663CqXnejuP3n1TfS2deSTeCuC/1L+zK4Ork4z","previousCounter":1,"rootKey":"nfK+jTaKqO/8vIgs2BItxBKSbRTzMp7hkmCzjXVrwQc="},"indexInfo":{"baseKey":"BRku71V/7DpE7fXrNW8tjjPMSxk/5WHbV1w49KaTP5B+","baseKeyType":1,"closed":-1,"used":1682855311782,"created":1682852752099,"remoteIdentityKey":"BaYGvyQGE/urdXiJtWTdlxf1bWR3ldIky/84UzFLkT5Y"},"_chains":{"BaPhkz663CqXnejuP3n1TfS2deSTeCuC/1L+zK4Ork4z":{"chainKey":{"counter":0,"key":"xFj/uHZCPnxOCUUOjywL7VOWwJaV7d07R0DhaxyCK7c="},"chainType":2,"messageKeys":{}},"BSOHyfqOcTvVxFu3HCYWHOv1pPMdDFaw68LtbP6aRQJq":{"chainKey":{"counter":-1,"key":"YWQc8BNTJUspPgrKB6XyPNhNSd+V3xRVp5Wt8Xkkj7Y="},"chainType":1,"messageKeys":{}}}}},"version":"v1"}