{"_sessions":{"BW+1hZPeeA14r/gIL+5OBP+gHEWfaMkycvUpGIScgU8v":{"registrationId":12144,"currentRatchet":{"ephemeralKeyPair":{"pubKey":"BTZrJS97PqgGh4mF1F881rDFoSw29YnlkLU+VxGgDbwT","privKey":"ULp3LkMKsTCF1snSyFVNTrafc1gtYAfEDdTMrAQho24="},"lastRemoteEphemeralKey":"BU008giXYIx5KmnUU2gdbL1iUPFoSbocgXZmm06fO3RO","previousCounter":0,"rootKey":"T2ZGyxVxsJ4Old9AAyOwOiPVvv9GR6pruQMAFifs6/s="},"indexInfo":{"baseKey":"BW+1hZPeeA14r/gIL+5OBP+gHEWfaMkycvUpGIScgU8v","baseKeyType":1,"closed":-1,"used":1682853272221,"created":1682853272221,"remoteIdentityKey":"BSAsoa5Knfb7IQxjkjkw7gQLg91NALsFof6P2+0E3+Fc"},"_chains":{"BTZrJS97PqgGh4mF1F881rDFoSw29YnlkLU+VxGgDbwT":{"chainKey":{"counter":0,"key":"jsZEdemSlMfn4MY/9Zp/f06ZOxP4wufcH/64zwXs5Ek="},"chainType":1,"messageKeys":{}}},"pendingPreKey":{"signedKeyId":1,"baseKey":"BW+1hZPeeA14r/gIL+5OBP+gHEWfaMkycvUpGIScgU8v"}}},"version":"v1"}