{"_sessions":{"BTMjIjSz4jW77BJp88T8CHGJSg4av+53Jtdvv6Dl4jla":{"registrationId":360046540,"currentRatchet":{"ephemeralKeyPair":{"pubKey":"BXsO2i3HxXssGTNoGjY0sbFvV6QSpRuS8DhSz3wTROlu","privKey":"WCS/ZampROJuCHu7HtPbUbfAQGIgwKnQHtfcdbN4QWo="},"lastRemoteEphemeralKey":"BfyG9unC2m6bF9FZObzuxY2PtWhORCOT1ZKAmfwGsehO","previousCounter":0,"rootKey":"T2jmi98fyDuIoHRQvdU2Lo0gq71Vp03oRvYZceErrlk="},"indexInfo":{"baseKey":"BTMjIjSz4jW77BJp88T8CHGJSg4av+53Jtdvv6Dl4jla","baseKeyType":1,"closed":-1,"used":1682852949980,"created":1682852949980,"remoteIdentityKey":"BZx5AZwuYWKUS5LIhjc6JkVuxfYtiXmrKwl1P/fPdWhF"},"_chains":{"BXsO2i3HxXssGTNoGjY0sbFvV6QSpRuS8DhSz3wTROlu":{"chainKey":{"counter":17,"key":"3nzKeriOzdMym/Ex/rfmLTqZ6vZ5QxWQhKnBn8kJ4kQ="},"chainType":1,"messageKeys":{}}},"pendingPreKey":{"signedKeyId":1,"baseKey":"BTMjIjSz4jW77BJp88T8CHGJSg4av+53Jtdvv6Dl4jla","preKeyId":1740333}}},"version":"v1"}