{"_sessions":{"BcnwN/xEWd/+vUaiRHD9NzuOG3aYwKjpHT+99UF45Bwf":{"registrationId":1178193684,"currentRatchet":{"ephemeralKeyPair":{"pubKey":"Bc+lLsyWL5sjitx2NC6nGMNSnA/or/5ssvfOXTTk8j1l","privKey":"qK1PIMaPKHLj0ftTzOGvHxO2J0xm4NJrtJlznLWOEmg="},"lastRemoteEphemeralKey":"BTfwpCkLs5Ijl2T+sQkZ7cXie096+LsqimsbqX3cplYQ","previousCounter":0,"rootKey":"fVwFaIa/bqITSaAsO5pneONWe/IemsvRcHdNmcWq5eY="},"indexInfo":{"baseKey":"BcnwN/xEWd/+vUaiRHD9NzuOG3aYwKjpHT+99UF45Bwf","baseKeyType":1,"closed":-1,"used":1682852949943,"created":1682852949943,"remoteIdentityKey":"BWficzNhf6Wg0DxkHZNwAE/ActNwRbESG8OnmfBUX0Fs"},"_chains":{"Bc+lLsyWL5sjitx2NC6nGMNSnA/or/5ssvfOXTTk8j1l":{"chainKey":{"counter":17,"key":"w0xO71sWiHQl6DBnBduewALEhLIlbZ9a++pStXqxBrk="},"chainType":1,"messageKeys":{}}},"pendingPreKey":{"signedKeyId":2,"baseKey":"BcnwN/xEWd/+vUaiRHD9NzuOG3aYwKjpHT+99UF45Bwf","preKeyId":12813402}}},"version":"v1"}