{"_sessions":{"BcVv/g2bEKAVCXBxxiNSIKkA0JMwOjj2JRz5sXdOs95/":{"registrationId":1625479921,"currentRatchet":{"ephemeralKeyPair":{"pubKey":"BdCkGKzFAjJG1159bciv7iCuD/bnvHcan321JLw8eiMu","privKey":"MO+gILkgFX1o+lJnyi/OXIJdgCJccYSr0bnly71hSlc="},"lastRemoteEphemeralKey":"BZoIjwI38KDKYcxVYlcLLq91LrhseSrYErvj4M6P7J9I","previousCounter":0,"rootKey":"xUSqqHyyzktIWMqMT5AhQiMzpRXCQFe0wQpkfFr07/o="},"indexInfo":{"baseKey":"BcVv/g2bEKAVCXBxxiNSIKkA0JMwOjj2JRz5sXdOs95/","baseKeyType":1,"closed":-1,"used":1682853272280,"created":1682853272280,"remoteIdentityKey":"BRQ0AmKefCqxX7W6p+YdSHnxdhLmA+ve6NId/E38Rc4q"},"_chains":{"BdCkGKzFAjJG1159bciv7iCuD/bnvHcan321JLw8eiMu":{"chainKey":{"counter":0,"key":"XDp1EM/s/1r2s280k2FWpoPoPMbRALsPSxO4rWeNGzY="},"chainType":1,"messageKeys":{}}},"pendingPreKey":{"signedKeyId":1,"baseKey":"BcVv/g2bEKAVCXBxxiNSIKkA0JMwOjj2JRz5sXdOs95/","preKeyId":5732844}}},"version":"v1"}