{"_sessions":{"BX4gstjR6yIQEIo5qlqVt3YPcnvapMHCehlyo8mw/08p":{"registrationId":1801280545,"currentRatchet":{"ephemeralKeyPair":{"pubKey":"BV+ewXjyRBb7EeiZQAGo0dl77litQDaPQgp43PnNN/Ft","privKey":"oNwCDRHnflnRctOfRxj9hs35VWjLMzltjzuHV9TnYmw="},"lastRemoteEphemeralKey":"BawSzHN3ivMpDIs9q9lezzwyPD2euYwA9rp6SwcwF15W","previousCounter":0,"rootKey":"T3RY62OcXlscW+xheqDv3W8aECFsZ28bFxtmAgaRQXA="},"indexInfo":{"baseKey":"BX4gstjR6yIQEIo5qlqVt3YPcnvapMHCehlyo8mw/08p","baseKeyType":1,"closed":-1,"used":1682856427868,"created":1682852949969,"remoteIdentityKey":"BfNnKWZgEKHG+Uh7T+5QJ3hIfEwQo8YDfDbFbS0vbdZ0"},"_chains":{"BawSzHN3ivMpDIs9q9lezzwyPD2euYwA9rp6SwcwF15W":{"chainKey":{"counter":0,"key":"ip4BuvkA9U+cL5zk++JenyWoWlZUJKj6ZjrytqoFXlY="},"chainType":2,"messageKeys":{}},"BV+ewXjyRBb7EeiZQAGo0dl77litQDaPQgp43PnNN/Ft":{"chainKey":{"counter":16,"key":"FCGlcsAuUgaX4tvoqgEIPV0/0gt6+QC1KB3AGUrARZg="},"chainType":1,"messageKeys":{}}}}},"version":"v1"}