{"_sessions":{"Ba5UPMhwVGfWSc5zdnDOKIqTa1ocYdY1FelXcd5XWkIf":{"registrationId":1238915576,"currentRatchet":{"ephemeralKeyPair":{"pubKey":"BYWla2Pci1LEee8shgvHLT6Rh0636jzylesVzmnjjZJQ","privKey":"GKaHqJP5vCoh4sXmO66AmeFw3jsyIC02vyLY69+AtH8="},"lastRemoteEphemeralKey":"Ba0MLhwip3u5dbmSS6mlydqTJbGYBddhYM9lCcVcgFps","previousCounter":0,"rootKey":"HsmAH6aL2HByM4sYQvz+E+JaNo9Z7XlDet2pdpM34pc="},"indexInfo":{"baseKey":"Ba5UPMhwVGfWSc5zdnDOKIqTa1ocYdY1FelXcd5XWkIf","baseKeyType":1,"closed":-1,"used":1682852752173,"created":1682852752173,"remoteIdentityKey":"BZ15M3T4jBLkzpC+rFwqdH1I0VA4LpN33fG8uftEdLMA"},"_chains":{"BYWla2Pci1LEee8shgvHLT6Rh0636jzylesVzmnjjZJQ":{"chainKey":{"counter":1,"key":"rzm47VZOKiPJmHXz/BHiRfX0RLcmZTDdiV+NsuLstp4="},"chainType":1,"messageKeys":{}}},"pendingPreKey":{"signedKeyId":0,"baseKey":"Ba5UPMhwVGfWSc5zdnDOKIqTa1ocYdY1FelXcd5XWkIf","preKeyId":9302022}}},"version":"v1"}