{"_sessions":{"BYXeQKL2BEndP5syF88vmx8H7UEx08qyb6VMDpxwZHFv":{"registrationId":1808407680,"currentRatchet":{"ephemeralKeyPair":{"pubKey":"BUXTOCLcznLJgMJi19jaVsvCe+VReiCc6Q5pFg939lwe","privKey":"QFxUOZiYACzshqsdYNxZL+4V1sQl9c5kVo48Gdth/EE="},"lastRemoteEphemeralKey":"BRpacL2IU4JV1njEl+jvukjVS+y7/RPFYMZWI5VTh7dw","previousCounter":1,"rootKey":"Vx8jzsVX044zqhsetVQk/HHqBloUOFJrdMH2C5cHkBA="},"indexInfo":{"baseKey":"BYXeQKL2BEndP5syF88vmx8H7UEx08qyb6VMDpxwZHFv","baseKeyType":1,"closed":-1,"used":1682855864465,"created":1682852752109,"remoteIdentityKey":"BYw5VQCJRLZwF/M6xx13IHtKBDioU0/8A0PI+vK7Ugwo"},"_chains":{"BRpacL2IU4JV1njEl+jvukjVS+y7/RPFYMZWI5VTh7dw":{"chainKey":{"counter":0,"key":"xKQCXcx4Gfe7sUR3NyWXwEmFMgH2Lv22NW+/Hpq3S1A="},"chainType":2,"messageKeys":{}},"BUXTOCLcznLJgMJi19jaVsvCe+VReiCc6Q5pFg939lwe":{"chainKey":{"counter":-1,"key":"tr8bjQTSqZNecZCjUqQQ06TxTc3E4qKYafzdIYaZuus="},"chainType":1,"messageKeys":{}}}}},"version":"v1"}