{"_sessions":{"BeSyWba/s4I3N0cOHXAc1T0pD5PuN9k9uTH1+H0EReF3":{"registrationId":1080233013,"currentRatchet":{"ephemeralKeyPair":{"pubKey":"BbiG+xSflAO0KItun+Qac14NBRWKpoP5wagq+tuUcroF","privKey":"SHTrnVdODviaeHeDF6/TOMhBODMD7MqpY2CdCDvRS2E="},"lastRemoteEphemeralKey":"BU2a9YyQdanjiMxATkJV95lYo3LXIG1m+LySoxS+1nFg","previousCounter":0,"rootKey":"vMCcmsR+XkSxCt/DqYAVpwOwx3fh4PZm/4HQZfUOYwE="},"indexInfo":{"baseKey":"BeSyWba/s4I3N0cOHXAc1T0pD5PuN9k9uTH1+H0EReF3","baseKeyType":1,"closed":-1,"used":1682855229696,"created":1682855229696,"remoteIdentityKey":"BRkXDxe3wQ86H+JwPmkIJKe6h2Ya974BskrlSLHaP45O"},"_chains":{"BbiG+xSflAO0KItun+Qac14NBRWKpoP5wagq+tuUcroF":{"chainKey":{"counter":0,"key":"2mipHjnTY7vAa5uL/2iRoANdHp1aSGqYDfY623t8nv0="},"chainType":1,"messageKeys":{}}},"pendingPreKey":{"signedKeyId":7,"baseKey":"BeSyWba/s4I3N0cOHXAc1T0pD5PuN9k9uTH1+H0EReF3","preKeyId":16588897}}},"version":"v1"}