{"_sessions":{"BTqEt5hYxubsapYgboI7wKaptGw1pzy9iqtt/ZNty1I6":{"registrationId":1352632301,"currentRatchet":{"ephemeralKeyPair":{"pubKey":"BZSwDiehaPfTHcTykQoPaSG8UMCPDRFGQ4vUzMkOQHZa","privKey":"wKvVBLWUWfSia3V+7j302S6DDLjU6K5ZhLLOT/xmvXg="},"lastRemoteEphemeralKey":"BQJ2yAL0veojrTqYIdsKC0ucgEQFGSSqKkn1x0TGC+dh","previousCounter":0,"rootKey":"LBVI4mko0d8r1jIRoY6SDug/tolhEdy8Y70bzSFTp0Q="},"indexInfo":{"baseKey":"BTqEt5hYxubsapYgboI7wKaptGw1pzy9iqtt/ZNty1I6","baseKeyType":1,"closed":-1,"used":1682854706368,"created":1682853272300,"remoteIdentityKey":"BWZQ4KAn/GPgBrs1de7jxnM+w5r3rlxDGB0vEJYYRfUc"},"_chains":{"BQJ2yAL0veojrTqYIdsKC0ucgEQFGSSqKkn1x0TGC+dh":{"chainKey":{"counter":0,"key":"WP3LdqJZwbNlsJDN1jLeQenc6ZESf3mDqAOJnaQEjEE="},"chainType":2,"messageKeys":{}},"BZSwDiehaPfTHcTykQoPaSG8UMCPDRFGQ4vUzMkOQHZa":{"chainKey":{"counter":-1,"key":"dim+ABC91o2C4JpaKEWSwU9znAwmnbwydGTvtbTSlPw="},"chainType":1,"messageKeys":{}}}}},"version":"v1"}