{"_sessions":{"BWmTssRazEAa0KWX2aEbaCBWsbAlc+pf2aLgPP3KMKhA":{"registrationId":1235148396,"currentRatchet":{"ephemeralKeyPair":{"pubKey":"BcMmt2zKJWix/aVqmnCtbcv7uEfDdvLvGGX4TuR+O9kf","privKey":"sDdoAjkVjFwoDY4O8C/BnbQvNo5f5US8jut/nZhBLkY="},"lastRemoteEphemeralKey":"Bfg/I5v/lgtmKbgN9Auf+zFV4a7xEg/u3QPG20L3wEgX","previousCounter":0,"rootKey":"gD9bKqilcy5kbiyPSQ0hHX0EU275PwxdeF0Qgb/usrg="},"indexInfo":{"baseKey":"BWmTssRazEAa0KWX2aEbaCBWsbAlc+pf2aLgPP3KMKhA","baseKeyType":1,"closed":-1,"used":1682852752164,"created":1682852752164,"remoteIdentityKey":"BRezx8I+rEAMPEB3jaas/+mBsfSlKcHCp63Hi+BSpgAa"},"_chains":{"BcMmt2zKJWix/aVqmnCtbcv7uEfDdvLvGGX4TuR+O9kf":{"chainKey":{"counter":1,"key":"6wdY2NwhWA6/pCZD4qFhUZJ9qys64EW12ezOWqY4bVo="},"chainType":1,"messageKeys":{}}},"pendingPreKey":{"signedKeyId":6,"baseKey":"BWmTssRazEAa0KWX2aEbaCBWsbAlc+pf2aLgPP3KMKhA","preKeyId":6111412}}},"version":"v1"}