{"_sessions":{"Bcn2ZKD/rWhMeQFRD84DMMJGrdeEDdJSO6JsGZRRC/Uj":{"registrationId":1581153823,"currentRatchet":{"ephemeralKeyPair":{"pubKey":"BVysaNyNEMzAUreqH0RiPgbr+eRO1GsSUYLe+6eLh3B6","privKey":"YErBOotIxIEndMcuHmCA0E4ML2s1n5ReU7JCWceYy1M="},"lastRemoteEphemeralKey":"BaXwp6ezvHO9Kete15Bix3St0n0cNWQmx49IqHA8s7Qr","previousCounter":0,"rootKey":"aK6k9ydH6CmuEywhqhjULT6i6QaHEixUMCWgN+bzcw4="},"indexInfo":{"baseKey":"Bcn2ZKD/rWhMeQFRD84DMMJGrdeEDdJSO6JsGZRRC/Uj","baseKeyType":1,"closed":-1,"used":1682856593074,"created":1682852949949,"remoteIdentityKey":"Bbg+fzqhIAjz/6XA/igTlRjM9nGiXWbNobfjouU0GkdB"},"_chains":{"BaXwp6ezvHO9Kete15Bix3St0n0cNWQmx49IqHA8s7Qr":{"chainKey":{"counter":0,"key":"Qej5uEA1Pgf9z0Kznx96/9lKZHWlK5qzEeo99mH5sXI="},"chainType":2,"messageKeys":{}},"BVysaNyNEMzAUreqH0RiPgbr+eRO1GsSUYLe+6eLh3B6":{"chainKey":{"counter":16,"key":"aMJukY6X2IdJ+vQl62/HeXUPu6owhYlXWrBO28x6DxQ="},"chainType":1,"messageKeys":{}}}}},"version":"v1"}