{"_sessions":{"Bap8YJZkYFyB3Pv2bpmPBhuxh6Glk5choc384ZJ3JdRg":{"registrationId":13648,"currentRatchet":{"ephemeralKeyPair":{"pubKey":"BTMzrrzfOTCY7UaEpX7ab4E085fXEfO4tHqr3L8iZ0UH","privKey":"WLWyRYbhUNd8DHklHrOe7KFi0Ws54kmsJwHdZPBF93E="},"lastRemoteEphemeralKey":"BUveJR0j+SPdQfttqZrE6eYQmKL1thyPadwIrIEQBY4Q","previousCounter":0,"rootKey":"mjFF6K1nqq0qokTOioggVrD3QMlVAp0IwfNcGm+ljAI="},"indexInfo":{"baseKey":"Bap8YJZkYFyB3Pv2bpmPBhuxh6Glk5choc384ZJ3JdRg","baseKeyType":1,"closed":-1,"used":1682853272226,"created":1682853272226,"remoteIdentityKey":"BVPowxkD2TvVL/EEWMUlYKAUpeg9JTCNIZuopWhjFhge"},"_chains":{"BTMzrrzfOTCY7UaEpX7ab4E085fXEfO4tHqr3L8iZ0UH":{"chainKey":{"counter":0,"key":"576xxxLbXWMHvcvnfi/+cXZI+KYqGkQ3iv+NLr8Lg5M="},"chainType":1,"messageKeys":{}}},"pendingPreKey":{"signedKeyId":1,"baseKey":"Bap8YJZkYFyB3Pv2bpmPBhuxh6Glk5choc384ZJ3JdRg"}}},"version":"v1"}