{"_sessions":{"BbNoeyKj0ou58AA6KP3hI9elAEX50penymS864H7WJdt":{"registrationId":1653733110,"currentRatchet":{"ephemeralKeyPair":{"pubKey":"BWrpggrOFJlExpaSuwFCni6pPaxCcQbsniU03mrO1yAX","privKey":"gJ7uFkiuSYG3z8mPoipCD81GyZYqzhuDCNco/G9TVFU="},"lastRemoteEphemeralKey":"BR+hGYdIuIj6s7ytvZsMkvkl8WpNtItkZLi0VB+SZQAk","previousCounter":0,"rootKey":"FJfSamc2g8z9hRZiWKZ7WKUlmK5tLPdH6B2w6vTQPeU="},"indexInfo":{"baseKey":"BbNoeyKj0ou58AA6KP3hI9elAEX50penymS864H7WJdt","baseKeyType":1,"closed":-1,"used":1682853272255,"created":1682853272255,"remoteIdentityKey":"Bfg00iEeva9ys77mt77W4VSJ4dTX9sHyqdds0AYFaNdN"},"_chains":{"BWrpggrOFJlExpaSuwFCni6pPaxCcQbsniU03mrO1yAX":{"chainKey":{"counter":0,"key":"7AiIpn/wPeTrGGh23QClaU2uGotiPyef5+8ZoVgf3O0="},"chainType":1,"messageKeys":{}}},"pendingPreKey":{"signedKeyId":10,"baseKey":"BbNoeyKj0ou58AA6KP3hI9elAEX50penymS864H7WJdt","preKeyId":2020355}}},"version":"v1"}