{"_sessions":{"BdecE/nzv2wVgkdW1t+G+ynisgIrK8BbdVMliF0KAL4S":{"registrationId":916515157,"currentRatchet":{"ephemeralKeyPair":{"pubKey":"BYvQzrzrqxat36Ro7uRm/rQTCRjWJbzRL6Th3+RJn8d4","privKey":"2Jr6Cif7G23h71cVFXoD9mJf0+/Qoh1nO8e9p8e2CV4="},"lastRemoteEphemeralKey":"Bc4TZsr0Yo9rA0L6gyeyUTxnUFq1xKVt/kxDJXXPlzZZ","previousCounter":0,"rootKey":"zsnUw/uOCPQ1i9jFUgbnhDEY6uQnMZCSZHHPMqIREpw="},"indexInfo":{"baseKey":"BdecE/nzv2wVgkdW1t+G+ynisgIrK8BbdVMliF0KAL4S","baseKeyType":1,"closed":-1,"used":1682852752190,"created":1682852752190,"remoteIdentityKey":"BVJxLhCxiQ9oVV9zO0FSj69VqWvVerPOnd+432C4fOJI"},"_chains":{"BYvQzrzrqxat36Ro7uRm/rQTCRjWJbzRL6Th3+RJn8d4":{"chainKey":{"counter":1,"key":"Jga8rc12q5e4cjN11m9Ur5XtM9p2CebPaNNu9/dwYQU="},"chainType":1,"messageKeys":{}}},"pendingPreKey":{"signedKeyId":1,"baseKey":"BdecE/nzv2wVgkdW1t+G+ynisgIrK8BbdVMliF0KAL4S","preKeyId":918116}}},"version":"v1"}