{"_sessions":{"BUJxCJJX7ueKJVON54cyBKhhjnln6d1gIsqmQuP2Iqcp":{"registrationId":10399,"currentRatchet":{"ephemeralKeyPair":{"pubKey":"BWb+5afQXA8/e21aSJ0T4MRKEOKayVwzYqYHgvln1GNe","privKey":"gOByOnse0iVXg3TW8YuM6Xl/mN2tDjfEyHV3OspGjW0="},"lastRemoteEphemeralKey":"BQvypLGZr2h0Wz+hV+Axm7Eo68CcTSyypLuBZ+DWuaA5","previousCounter":0,"rootKey":"pQRKZBHbfkfiqhbgq7nlT28Qax+6jm2gh7Zgl35QHfs="},"indexInfo":{"baseKey":"BUJxCJJX7ueKJVON54cyBKhhjnln6d1gIsqmQuP2Iqcp","baseKeyType":1,"closed":-1,"used":1682855313943,"created":1682855229690,"remoteIdentityKey":"BfaawVv1/wW0SHF9ExPQI+rd8I342RFQoITzmR0ovvod"},"_chains":{"BQvypLGZr2h0Wz+hV+Axm7Eo68CcTSyypLuBZ+DWuaA5":{"chainKey":{"counter":0,"key":"PRtsqfOY30yVDWlZlCxKsEGCp2TFRtGwCw1jczlsQNg="},"chainType":2,"messageKeys":{}},"BWb+5afQXA8/e21aSJ0T4MRKEOKayVwzYqYHgvln1GNe":{"chainKey":{"counter":-1,"key":"OwzIMjqxsVuf/z8nYm1ROMsqXx8DOjQ42cy2BV5z4hU="},"chainType":1,"messageKeys":{}}}}},"version":"v1"}