{"_sessions":{"Bfi5a4au0kj8gVO+SOqJlvQX1odLcsm+QLxLU1C5Z3kU":{"registrationId":6388,"currentRatchet":{"ephemeralKeyPair":{"pubKey":"BYydh9SxhDkGJ/1T5VM5Rg/h25NpbhdnreRUP23deiwN","privKey":"uLavxxRnoDjmyvcbgSYJlJO4lQJZK4nd6YiTUoafB10="},"lastRemoteEphemeralKey":"BaJhkV+ageqEHxB9+1Ml65WizzKU8npjfrRisPcz0wkM","previousCounter":0,"rootKey":"rUIaUgUas71DQaOufsMzMZTPNUzgac3Pk+GvZHUzxuk="},"indexInfo":{"baseKey":"Bfi5a4au0kj8gVO+SOqJlvQX1odLcsm+QLxLU1C5Z3kU","baseKeyType":1,"closed":-1,"used":1682852949839,"created":1682852949839,"remoteIdentityKey":"BXoIFC++yC26BR6dbZ+RXmmMafeo1yIdUNA+4tK/rZE/"},"_chains":{"BYydh9SxhDkGJ/1T5VM5Rg/h25NpbhdnreRUP23deiwN":{"chainKey":{"counter":17,"key":"LXPSl8n4WkgV7xtdnhDzHfurD1M3TTBtTzOjufze4sg="},"chainType":1,"messageKeys":{}}},"pendingPreKey":{"signedKeyId":1,"baseKey":"Bfi5a4au0kj8gVO+SOqJlvQX1odLcsm+QLxLU1C5Z3kU"}}},"version":"v1"}