{"_sessions":{"BcDkx5Kxa7lH1MQXD+YpO6L5KZPJtmieLSuqK2TEDi5O":{"registrationId":259476030,"currentRatchet":{"ephemeralKeyPair":{"pubKey":"BbMyWkRWNDrZfkhLuXyz/GDTIy86OoKC5LKfQ1zP/A4F","privKey":"2OJy8gg25p66IPzpu+B40HuUQMbUSCBIf6j+gCvKX20="},"lastRemoteEphemeralKey":"BSiULFnvh15AAC8aKMkNcpT3apk5ZtE4pcUA2nrQQV51","previousCounter":0,"rootKey":"ifvHxQ/molZpYu5NvepHkkpoZ4E2ogkpLYy/ZmKC20I="},"indexInfo":{"baseKey":"BcDkx5Kxa7lH1MQXD+YpO6L5KZPJtmieLSuqK2TEDi5O","baseKeyType":1,"closed":-1,"used":1682852949886,"created":1682852949886,"remoteIdentityKey":"BSmzK1PKVNyUkeqDt9VO64bhnmBPgRBXurZbu77t5+0h"},"_chains":{"BbMyWkRWNDrZfkhLuXyz/GDTIy86OoKC5LKfQ1zP/A4F":{"chainKey":{"counter":17,"key":"kyEgma66Rqs6N759uJ7A8vk9aM8vvuo+GYpxHS7qtUs="},"chainType":1,"messageKeys":{}}},"pendingPreKey":{"signedKeyId":3,"baseKey":"BcDkx5Kxa7lH1MQXD+YpO6L5KZPJtmieLSuqK2TEDi5O","preKeyId":12259310}}},"version":"v1"}