{"_sessions":{"BaiFv0yuevrG6gFPWqdqRVEpfxbNmA+1Npo4H+QVjINs":{"registrationId":911754864,"currentRatchet":{"ephemeralKeyPair":{"pubKey":"BUnooirnP8eDK/xx8QnOuOb18bgWL+b9HF9ViM+nLZFO","privKey":"0CZGp7mal6VfyC8JmX/5TD2i+J4wRGIW9TeSp7GExnw="},"lastRemoteEphemeralKey":"BQUYxdLJT+IHVuOAoU1wOFvoZunt0o+sOaozNdi+qTIK","previousCounter":0,"rootKey":"PixNUHPCrXxWjC1wGIghPVlUwjQc/mdBYQHvKx2suiA="},"indexInfo":{"baseKey":"BaiFv0yuevrG6gFPWqdqRVEpfxbNmA+1Npo4H+QVjINs","baseKeyType":1,"closed":-1,"used":1682853272388,"created":1682853272388,"remoteIdentityKey":"BQknbi2qBUQFmn+3P6hnnty4S57hPTv9ajbUCQO19u5v"},"_chains":{"BUnooirnP8eDK/xx8QnOuOb18bgWL+b9HF9ViM+nLZFO":{"chainKey":{"counter":0,"key":"CGlHZ/tQgMpbwe5PeK+LCV8sVz03tie9ET4gnrno820="},"chainType":1,"messageKeys":{}}},"pendingPreKey":{"signedKeyId":14,"baseKey":"BaiFv0yuevrG6gFPWqdqRVEpfxbNmA+1Npo4H+QVjINs","preKeyId":10736542}}},"version":"v1"}