{"_sessions":{"BXx/+IIflnYPL+EtpuC/rpzA0qqFB9LBFCdZVsU4jxws":{"registrationId":1579645172,"currentRatchet":{"ephemeralKeyPair":{"pubKey":"BWzddMEYIY0/jWk9PS2HumuHnUi/8R9+eSqNv/bkREVY","privKey":"UP8hEZpDs9heyvZggnvvdojgkmi/2qTk7jqIU39eiWk="},"lastRemoteEphemeralKey":"BX7VyX7rKCGisRXX9xnLp9l7AtjTUAB4oCKmDKEawXU1","previousCounter":0,"rootKey":"PoP5uv9Kguo5PDiO0thePYpuWL4Y+b03xcXs/8MJOfI="},"indexInfo":{"baseKey":"BXx/+IIflnYPL+EtpuC/rpzA0qqFB9LBFCdZVsU4jxws","baseKeyType":1,"closed":-1,"used":1682852949974,"created":1682852949974,"remoteIdentityKey":"BeHl52kZsmpwXg9SacDaJ1vrng3Ez8SIuJ6YaHtwWVUL"},"_chains":{"BWzddMEYIY0/jWk9PS2HumuHnUi/8R9+eSqNv/bkREVY":{"chainKey":{"counter":17,"key":"mzscTmP1JwHNJVwebAkWLvQIpKBgFOXxqYCZc3WXgZU="},"chainType":1,"messageKeys":{}}},"pendingPreKey":{"signedKeyId":3,"baseKey":"BXx/+IIflnYPL+EtpuC/rpzA0qqFB9LBFCdZVsU4jxws","preKeyId":8376690}}},"version":"v1"}