{"_sessions":{"BapRNA4hm24eltVwwA4KmcykumezIPDQuSwysT1HrBxp":{"registrationId":889885911,"currentRatchet":{"ephemeralKeyPair":{"pubKey":"BQ4ErF+xJ/nMNXsjqiTo7UgQtDSYf+D/QEeScYIMU0Z4","privKey":"+E45CGeKhbs3wiTxn070elUaIPpB83g1txcbgd8BFl8="},"lastRemoteEphemeralKey":"BXd/vEBnwNPs1snoV0AA5/sUU6r4O7M9KOvM+wLvohoC","previousCounter":0,"rootKey":"kMw/RrLLt1ji1B/1M1z4uqxNCGfzE9E71Ct2QIjIu/M="},"indexInfo":{"baseKey":"BapRNA4hm24eltVwwA4KmcykumezIPDQuSwysT1HrBxp","baseKeyType":1,"closed":-1,"used":1682852949902,"created":1682852949902,"remoteIdentityKey":"BcmYEw6Pag/PQGzVAuU4nCgy9wT1uyDNiySV9U2/d/Er"},"_chains":{"BQ4ErF+xJ/nMNXsjqiTo7UgQtDSYf+D/QEeScYIMU0Z4":{"chainKey":{"counter":17,"key":"h9soz3C3I0Xxk/ekitBd8qbGXj6EB+1nUe14a6t/1ps="},"chainType":1,"messageKeys":{}}},"pendingPreKey":{"signedKeyId":0,"baseKey":"BapRNA4hm24eltVwwA4KmcykumezIPDQuSwysT1HrBxp","preKeyId":4783138}}},"version":"v1"}