{"_sessions":{"BVmOICbRGw4qJB7C+JN9/94mJQshgEtK99uIxv9FAXQC":{"registrationId":717087358,"currentRatchet":{"ephemeralKeyPair":{"pubKey":"BTSPjRTAFhRz85LusEdmiBBbHMKUjjFFEug5nujMRx4d","privKey":"sMvSZlZfz2m15owjw6pb+aQinU5JTt8EG3l/CvABxUA="},"lastRemoteEphemeralKey":"Bc/6vSDWLLU/ikp9cLwllOlmq/QVEx76KTOirq3V1GUj","previousCounter":0,"rootKey":"/I52xo3SON6W2pkxnNrJHMgfdcaPRe2DknC7kUUPE/I="},"indexInfo":{"baseKey":"BVmOICbRGw4qJB7C+JN9/94mJQshgEtK99uIxv9FAXQC","baseKeyType":1,"closed":-1,"used":1682859452854,"created":1682853272245,"remoteIdentityKey":"BVHHKd0Oqfimfdsy1L3yNTrwNY5K7Sx3VTZAULtahFkq"},"_chains":{"Bc/6vSDWLLU/ikp9cLwllOlmq/QVEx76KTOirq3V1GUj":{"chainKey":{"counter":0,"key":"hZEEane7JSTG5FEWBIIo8/5r9N1HrQ0yt/3ND3V9AsE="},"chainType":2,"messageKeys":{}},"BTSPjRTAFhRz85LusEdmiBBbHMKUjjFFEug5nujMRx4d":{"chainKey":{"counter":-1,"key":"MBKe2de7bhtsYEcWAeEsiW/ZxEL23Z8HP57be8/pBQk="},"chainType":1,"messageKeys":{}}}}},"version":"v1"}