{"_sessions":{"BUtdLgrN00EY1leTaeUD8jaTrW06FF/sOQXe+GizI/ZS":{"registrationId":1604204456,"currentRatchet":{"ephemeralKeyPair":{"pubKey":"Bb8s2msOLJTuJy7MI/MKQdd/d378/9kESp3gi8iDDwBE","privKey":"YMEt5fy+bUXjH9T/+2CyevzIEHHv4lSX6wydjgIys0g="},"lastRemoteEphemeralKey":"BezNs2D4xHY3yf9yZUbH7Iqt7snZEpdHDJ4K/8ISSYZy","previousCounter":0,"rootKey":"68Fn4I6ZaWJ8Aex6CupEsGl1cVOR6oJGpKF8D0FRHc8="},"indexInfo":{"baseKey":"BUtdLgrN00EY1leTaeUD8jaTrW06FF/sOQXe+GizI/ZS","baseKeyType":1,"closed":-1,"used":1682853272305,"created":1682853272305,"remoteIdentityKey":"BfJq7FngZ8AT/6imxSQ+Vy4s/YoH1Fp6nONgQ3KlKAVK"},"_chains":{"Bb8s2msOLJTuJy7MI/MKQdd/d378/9kESp3gi8iDDwBE":{"chainKey":{"counter":0,"key":"vyd/FBts9wxX46/vt9MSS5zujKwsT6tEM/5vjVL+0+c="},"chainType":1,"messageKeys":{}}},"pendingPreKey":{"signedKeyId":6,"baseKey":"BUtdLgrN00EY1leTaeUD8jaTrW06FF/sOQXe+GizI/ZS","preKeyId":10996282}}},"version":"v1"}