{"_sessions":{"Bb/FAsVrlv9yUL7Ys0sP5I92CfAZpLGLbi6rpaMITiZr":{"registrationId":947046857,"currentRatchet":{"ephemeralKeyPair":{"pubKey":"BRbx6eJXFZZ3nBrzsJprCABkZRuSLXqz4PhBDFQ9Aq91","privKey":"CBz6fGlpk51g4o0vqEi+hbFddlWHrrfvzHnMp9TqHns="},"lastRemoteEphemeralKey":"BTM1PbRtUkVS2QuMEbXZJncnBSGnbbCXlDkOY4cOQqUw","previousCounter":0,"rootKey":"t+2SZdD3kMXxyinvS9Mkm8VJhQbk64COmLp3Qkf55MA="},"indexInfo":{"baseKey":"Bb/FAsVrlv9yUL7Ys0sP5I92CfAZpLGLbi6rpaMITiZr","baseKeyType":2,"closed":-1,"used":1682852722770,"created":1682852722770,"remoteIdentityKey":"BVRYbwLb6RsKEQIiaLhgO0F2+kwp2a/rz7mrqwfeC+gr"},"_chains":{"BTM1PbRtUkVS2QuMEbXZJncnBSGnbbCXlDkOY4cOQqUw":{"chainKey":{"counter":7,"key":"wy/7G+l6aYgThdjQK4udfY96sQe5SVRrIw2gKYBuXYs="},"chainType":2,"messageKeys":{}},"BRbx6eJXFZZ3nBrzsJprCABkZRuSLXqz4PhBDFQ9Aq91":{"chainKey":{"counter":82,"key":"ssdcI1ENdhiBlN3hLjbaw9fHoFIaczI7l+8lm95OoGM="},"chainType":1,"messageKeys":{}}}}},"version":"v1"}