{"_sessions":{"BZjCt+Nzz+2CfNmCCfefkf0yrFznEAmMzVPfcmZk5Z1q":{"registrationId":222194069,"currentRatchet":{"ephemeralKeyPair":{"pubKey":"BVtKIlfZFGFMNWFINwpGQxMYJkftusU01TXaCuXxl75v","privKey":"2NtblxakTBk7Ubai32WTwEALXI10T5EcDbrkAPtX2X4="},"lastRemoteEphemeralKey":"BZf1uc0ycUCYtc7J1yqakpqGqPqmpgvNiukxXukQHTJK","previousCounter":0,"rootKey":"sWZYBxvZRP/p1v5xDdOUtR4ACk49Da85IzAlrMvf31M="},"indexInfo":{"baseKey":"BZjCt+Nzz+2CfNmCCfefkf0yrFznEAmMzVPfcmZk5Z1q","baseKeyType":1,"closed":-1,"used":1682852949880,"created":1682852949880,"remoteIdentityKey":"BQjMln8C+YxMFTLAgBDqm/cs6mH5NGQ8Bt5fVa4kCHRM"},"_chains":{"BVtKIlfZFGFMNWFINwpGQxMYJkftusU01TXaCuXxl75v":{"chainKey":{"counter":17,"key":"7M3c4Bn4sS27fXT0gT6wgUec5cUi5g5JG81SwhcF9wg="},"chainType":1,"messageKeys":{}}},"pendingPreKey":{"signedKeyId":2,"baseKey":"BZjCt+Nzz+2CfNmCCfefkf0yrFznEAmMzVPfcmZk5Z1q","preKeyId":7385782}}},"version":"v1"}