{"_sessions":{"BSnJwpV19wkVDjG9aZDrgeQjshB5C11DBc6GAx3Tzmpf":{"registrationId":329857179,"currentRatchet":{"ephemeralKeyPair":{"pubKey":"BXuMiMtMdVcyvqXv2AiEHxstJcLsoP9hzrUezBk0P9Q+","privKey":"aNwKJjzSYuSOVoH0jejsdBr9tamjkc3Rf+WI3c9Tg2M="},"lastRemoteEphemeralKey":"BawIM1dil6tJEzigBay4gs9qadWzREO2sIiAV+Pzu9lT","previousCounter":0,"rootKey":"MIArLu5NNvTr8jIIyD2Tyv1DJFrS3iL1PwZdd3Crcvc="},"indexInfo":{"baseKey":"BSnJwpV19wkVDjG9aZDrgeQjshB5C11DBc6GAx3Tzmpf","baseKeyType":1,"closed":-1,"used":1682853272271,"created":1682853272271,"remoteIdentityKey":"BTtGJo6xlW/bugC9J2d6rJFQw5YHcplOWDXAHmtYpC86"},"_chains":{"BXuMiMtMdVcyvqXv2AiEHxstJcLsoP9hzrUezBk0P9Q+":{"chainKey":{"counter":0,"key":"MuSwJHIXrY2fEYwL0WfkzKFgnbQmSQZWW7a8L8c+igE="},"chainType":1,"messageKeys":{}}},"pendingPreKey":{"signedKeyId":2,"baseKey":"BSnJwpV19wkVDjG9aZDrgeQjshB5C11DBc6GAx3Tzmpf","preKeyId":6271478}}},"version":"v1"}