{"_sessions":{"BTOar19ZC6+mi4du14RdnMfVg5t/jNt6oJPGPUwldX9e":{"registrationId":1350885558,"currentRatchet":{"ephemeralKeyPair":{"pubKey":"BQbtXHh4TsErks+aT75aJO3nB4Pq0FS1tUdVSdm0pY5W","privKey":"GHFDLZbYq91lLPodEMtKbk8F/x0XWCyNpMnJhf4LTmk="},"lastRemoteEphemeralKey":"Bf+Ub5+Dz3cZTlF6BkpvVo/W9Do6lyUyKWTpFFApLfMb","previousCounter":0,"rootKey":"p2zfHTWb3zFKS/qSqt5Y3LqOhvkEjgkc4aA1fartcGA="},"indexInfo":{"baseKey":"BTOar19ZC6+mi4du14RdnMfVg5t/jNt6oJPGPUwldX9e","baseKeyType":1,"closed":-1,"used":1682853272331,"created":1682853272331,"remoteIdentityKey":"BQ9/pnA/DokleMFODsuBWalnkKGMWzw8c2BWZEI7NlV2"},"_chains":{"BQbtXHh4TsErks+aT75aJO3nB4Pq0FS1tUdVSdm0pY5W":{"chainKey":{"counter":0,"key":"3jp6M1fE0URrKcDbnwMYvmb7J8nW9rfp618y5XXpj/Q="},"chainType":1,"messageKeys":{}}},"pendingPreKey":{"signedKeyId":2,"baseKey":"BTOar19ZC6+mi4du14RdnMfVg5t/jNt6oJPGPUwldX9e","preKeyId":13957057}}},"version":"v1"}