{"_sessions":{"BS8XyvOnpAx1EQGo7mRLyq21F78Oq0u96s1i1ybw5S1J":{"registrationId":50623733,"currentRatchet":{"ephemeralKeyPair":{"pubKey":"BSM9DPR+y614OC65yWazbxirYW5eKl9Lnsa63RNqlk8R","privKey":"CC9MUF8Urj9M6E30hG+YSVqjWNu0LQX1fy+X89G1sng="},"lastRemoteEphemeralKey":"BUQjTTybc3UCaN9qyMgAF4Zgvz6gCGaoyW08KWm4N18K","previousCounter":0,"rootKey":"tKv6ci84IgHOEGvovDLbdZkSE14Yb4IMU9MYtDjQBwk="},"indexInfo":{"baseKey":"BS8XyvOnpAx1EQGo7mRLyq21F78Oq0u96s1i1ybw5S1J","baseKeyType":1,"closed":-1,"used":1682859305412,"created":1682859305412,"remoteIdentityKey":"BSoH0H/VzymyX3n9lJatwg2VAQH91p2GgCp5BNYzIHJt"},"_chains":{"BSM9DPR+y614OC65yWazbxirYW5eKl9Lnsa63RNqlk8R":{"chainKey":{"counter":0,"key":"DXYJMAW4qqNH4zGQqffzBEHF91f6p/vQqf1Mj6HibaU="},"chainType":1,"messageKeys":{}}},"pendingPreKey":{"signedKeyId":4,"baseKey":"BS8XyvOnpAx1EQGo7mRLyq21F78Oq0u96s1i1ybw5S1J","preKeyId":4361641}}},"version":"v1"}