{"_sessions":{"BenXFBhW9Gv0yeh4jbEWCfgMpP0ZJiVIAd7APEYFq2wJ":{"registrationId":14689,"currentRatchet":{"ephemeralKeyPair":{"pubKey":"BZraE1rTVkfTvuD3uuuPoOIxxDWZDVgYy3U7TbJ5kFBP","privKey":"cLig/KiSo7CvHpbRYHanGd2u4rHxXVlATSBtEaOzvXc="},"lastRemoteEphemeralKey":"BeWmSkd0Sfcp7uxKzgZR/mgaVNrERKeN3EsPV63c7PJZ","previousCounter":0,"rootKey":"OUdbiNrGtpbzhEnRdYUC/2yspOl6JohmAZCJZ87pTcg="},"indexInfo":{"baseKey":"BenXFBhW9Gv0yeh4jbEWCfgMpP0ZJiVIAd7APEYFq2wJ","baseKeyType":1,"closed":-1,"used":1682852949833,"created":1682852949833,"remoteIdentityKey":"BZN63RzD5QyozZciyvZcE0AKfLK/SuurCDouEF8IybtS"},"_chains":{"BZraE1rTVkfTvuD3uuuPoOIxxDWZDVgYy3U7TbJ5kFBP":{"chainKey":{"counter":17,"key":"FAHRCvK3vn+XRQplV3VqYVbQPqEkwPMzCSdFB4bqc4k="},"chainType":1,"messageKeys":{}}},"pendingPreKey":{"signedKeyId":1,"baseKey":"BenXFBhW9Gv0yeh4jbEWCfgMpP0ZJiVIAd7APEYFq2wJ"}}},"version":"v1"}