{"_sessions":{"BRXU76+RhZMzkdA1pE1IbZB6B1LXpC2q5Fuy7VB0N2hv":{"registrationId":1419069685,"currentRatchet":{"ephemeralKeyPair":{"pubKey":"BVxMABVucQzaXr+mM4Qc9yklJSOhcikK0RlMR+EFru53","privKey":"EHjLcdO602RK7e3o8A9MydLo1Eqb4K2O0FFVnt2bZGc="},"lastRemoteEphemeralKey":"BQMZexM+YDdc38eC55IhzMthjQ02DgwPOf9j6BgbuXEU","previousCounter":0,"rootKey":"Ffc/mzCKNrsQhvoprdmGF+7G65V8Ha11K8eHoTy+9AQ="},"indexInfo":{"baseKey":"BRXU76+RhZMzkdA1pE1IbZB6B1LXpC2q5Fuy7VB0N2hv","baseKeyType":1,"closed":-1,"used":1682852752182,"created":1682852752182,"remoteIdentityKey":"Bc14G2UvDNTf6P8gBt00btjAQ9C2TozLOyHmgCYknuMK"},"_chains":{"BVxMABVucQzaXr+mM4Qc9yklJSOhcikK0RlMR+EFru53":{"chainKey":{"counter":1,"key":"M5OuyVVaD1MdeoSFe110qKCrwCXN7OUq/vnqOzH7CyI="},"chainType":1,"messageKeys":{}}},"pendingPreKey":{"signedKeyId":16,"baseKey":"BRXU76+RhZMzkdA1pE1IbZB6B1LXpC2q5Fuy7VB0N2hv","preKeyId":14237733}}},"version":"v1"}