{"_sessions":{"BRFoNP6ddsTixxgErYobAs2kBU/XFXwvzL3Qy7RF2Spi":{"registrationId":1916733886,"currentRatchet":{"ephemeralKeyPair":{"pubKey":"BRk93yXn6TiUayXqyi0jKsoHq2ZxoaVvElEbvpDNJ/Be","privKey":"yEFMbBbnAQROBrQ0XVKkKc2sxqQ4z8emHJyt5Nd44Eg="},"lastRemoteEphemeralKey":"BasnQAvnl3fsKenYrVfnQHDNOxZQqXPQZD506xEHL/x/","previousCounter":0,"rootKey":"UDPPWRz/ZgnLb5w49KpD6/tWo7FoNNfOXK9xLMf8YT4="},"indexInfo":{"baseKey":"BRFoNP6ddsTixxgErYobAs2kBU/XFXwvzL3Qy7RF2Spi","baseKeyType":1,"closed":-1,"used":1682860001472,"created":1682852752128,"remoteIdentityKey":"BbeXCSnMRbkYZb7Xiw5DEqVfjhvx8wKS9zfP5/Uk35tY"},"_chains":{"BQYL/pRphjcBuPem170hf+U5nMMfOXXXOg4h+JangZYP":{"chainKey":{"counter":0},"chainType":2,"messageKeys":{}},"BVD3JkY0WKGLpNNuUdxB/ik5BJEEsiB7RKAbfjGqZ9V/":{"chainKey":{"counter":0},"chainType":2,"messageKeys":{}},"BUxi9KVZuZJSSVPJtqfn9e2wTODbRRXZ9lJ+LC9t2iZ5":{"chainKey":{"counter":0},"chainType":2,"messageKeys":{}},"BacbVQT0SyojjprV9tnkP68fM1RnxjlzKOd+QCzBlJhT":{"chainKey":{"counter":0},"chainType":2,"messageKeys":{}},"Bd2dYF5kfACV5gxMTXcotb3c/mnW2GLnYNYAvkYLJEJN":{"chainKey":{"counter":0},"chainType":2,"messageKeys":{}},"BW6V68invDVx1UjCHTnnOyGPOr5O6QXfsMh9vMZCYoJ/":{"chainKey":{"counter":0},"chainType":2,"messageKeys":{}},"BZAPFWqtKPmnzLnNxa4bUufqv4P5/4opLM9IgWsskh8Z":{"chainKey":{"counter":0},"chainType":2,"messageKeys":{}},"BdN0iak6lkduhJW9Ne2UafFwBSB3jLOn/X1fHGBoFBo6":{"chainKey":{"counter":0},"chainType":2,"messageKeys":{}},"BZQXEFIrXavFkk1FwIL8QsOExReToNL6QDK2MsEY9NVl":{"chainKey":{"counter":0},"chainType":2,"messageKeys":{}},"Bf23NQlOeetWe8tTdkzCVDDEu2WwMoblqrvbGxXMx24L":{"chainKey":{"counter":1},"chainType":2,"messageKeys":{}},"BYlpp4REzPRHTitf3ertdQ993Mb64COaz+FmAA2QikJ7":{"chainKey":{"counter":0},"chainType":2,"messageKeys":{}},"BUw/MOaP2MpfOfMoCl0GOIMAwmpcHdiD76gGrB0gbqoN":{"chainKey":{"counter":0},"chainType":2,"messageKeys":{}},"BWNHT2e3cB2+EV5mIg5usGWZUArHVDHaKbVGMRKoD78Q":{"chainKey":{"counter":0},"chainType":2,"messageKeys":{}},"BVPn5b4uR+MQpn7nw3BUVqADx12pqXmd4epJf78gxDA6":{"chainKey":{"counter":0},"chainType":2,"messageKeys":{}},"Be6v80BzozWJWf9hcYKi5jKF5VLvC3RC19PicvTury8j":{"chainKey":{"counter":0},"chainType":2,"messageKeys":{}},"BbygO/utViQqe5NYIQoxv18GLSmfUUhjMKDxv9AB25ht":{"chainKey":{"counter":0},"chainType":2,"messageKeys":{}},"Bbg7Rbs3urKFfhA5nFpzivcAo57iox/1tExiFbxiKill":{"chainKey":{"counter":0},"chainType":2,"messageKeys":{}},"BWKB0sjV+Eeq6LhMSSizd961dSQb+zDWUR1NNoNJayBM":{"chainKey":{"counter":1},"chainType":2,"messageKeys":{}},"BX3lhe5nfqzTRSoweLtT6PYvScfEEFEacLjIEnWGjqJ6":{"chainKey":{"counter":0},"chainType":2,"messageKeys":{}},"Bf9p6eR7IYTJTqc2IqJ40ZUtpbHFoAXxGnF91xBfKmh4":{"chainKey":{"counter":0},"chainType":2,"messageKeys":{}},"BQ0Z/m6RXS9vqy3ZqRkyvpRPcUic1z/j9WZO9feyEWgB":{"chainKey":{"counter":0},"chainType":2,"messageKeys":{}},"Befp4wXsspyGUMyzTEq+59KfL6yFoJzqHRQUrvIpG1hr":{"chainKey":{"counter":0},"chainType":2,"messageKeys":{}},"BR2eU8cPkyTh7PV4pn19hTLhYZkJIOUwbWGXL11ERh1w":{"chainKey":{"counter":0},"chainType":2,"messageKeys":{}},"Ba5EawcHaNy6ez2/tt4nksqF2VaKaiL1sAqdiGhy+wFs":{"chainKey":{"counter":0},"chainType":2,"messageKeys":{}},"BRXvdtliJOud+/s8ChlcLqZmEsOxOgq2arrsbC6ZYbRJ":{"chainKey":{"counter":0},"chainType":2,"messageKeys":{}},"BQirQsAFhXsmfacwslnNK6XR/fSEOGWXMJwXJMi1G6gv":{"chainKey":{"counter":0},"chainType":2,"messageKeys":{}},"BSxJo1tiqItqwl6aSuoyu5yAf21/NzidtlxelitRX4t3":{"chainKey":{"counter":0},"chainType":2,"messageKeys":{}},"BdUHAGqr3ALYfeTBTN5LJ8Ogv7V2akaokOoNpliFQDYo":{"chainKey":{"counter":0},"chainType":2,"messageKeys":{}},"BXX5mDJ9E805Iv5Rz1U/5XwguE5bue7qf+G2ThecmYNQ":{"chainKey":{"counter":0},"chainType":2,"messageKeys":{}},"BfSmu8YocwCIrmi538zidpX0ZAZmL9vi3DQ6PMzaVOEx":{"chainKey":{"counter":0},"chainType":2,"messageKeys":{}},"BVS8ckMkmcuLygCdxMOmo21Snm3hy0v6e0ymVr0J8PFx":{"chainKey":{"counter":0},"chainType":2,"messageKeys":{}},"BcMSFQWxm0dTbf/GBPwBaiOa0OcQLjK4ZF0PQesyFqle":{"chainKey":{"counter":0},"chainType":2,"messageKeys":{}},"BWdLY1RsBalxUDA8Zxc8G+Z1kYI65IGkhxcrCjHpLiUJ":{"chainKey":{"counter":0},"chainType":2,"messageKeys":{}},"Bb/G1+MZk0E/67WAoT/jHQQLtw1Up0Pbprj6VacEO/dx":{"chainKey":{"counter":0},"chainType":2,"messageKeys":{}},"Bd0uhfqd9cvaoXyHtg4P1d9LNpQeRHx9Z2wY4zwYsENW":{"chainKey":{"counter":0},"chainType":2,"messageKeys":{}},"BZIkqoAv4pu0pLt58mhE8HusL7uZfGnRbIATZc937YIS":{"chainKey":{"counter":0},"chainType":2,"messageKeys":{}},"BWzfaOJqYaeHV0+f4QrlakRjbltKFFXay7CN0UytIckF":{"chainKey":{"counter":0},"chainType":2,"messageKeys":{}},"BXsQXFxQBww/Pslq2Vjy9xbdf9U1Q5wHngvZBRtuHPhU":{"chainKey":{"counter":0},"chainType":2,"messageKeys":{}},"BRxw14oVXI9thtnda5XrTGYluCu37cj1qVwMF4bXH9BR":{"chainKey":{"counter":0},"chainType":2,"messageKeys":{}},"BclnB9RQ8P1kL55Pq5M3bv7vK8T5CDRkUqI7+fZPGmoy":{"chainKey":{"counter":1},"chainType":2,"messageKeys":{}},"BTIHONzgi/OklgfoQN5B4SVEHODb548YFkK3am/GKpsS":{"chainKey":{"counter":0},"chainType":2,"messageKeys":{}},"BXUlbp3ulH196bAmP3gci1zf/3fCH+5FHo+mNiW2CMUZ":{"chainKey":{"counter":0},"chainType":2,"messageKeys":{}},"BU4v2dNSo/2gkol0cPyHUhSATOTDw4PdglT1koKoSwRL":{"chainKey":{"counter":1},"chainType":2,"messageKeys":{}},"BasnQAvnl3fsKenYrVfnQHDNOxZQqXPQZD506xEHL/x/":{"chainKey":{"counter":0,"key":"2sdtVrhsb6o72b5HdswDx8D3Rdh4hi3ltK8/CvXpaEQ="},"chainType":2,"messageKeys":{}},"BRk93yXn6TiUayXqyi0jKsoHq2ZxoaVvElEbvpDNJ/Be":{"chainKey":{"counter":-1,"key":"NIi76/29GX8uxiNpUBRrRhb5nO28EFzc8tYA+mUqMyw="},"chainType":1,"messageKeys":{}}}}},"version":"v1"}