{"_sessions":{"BUC76FRJNEyyOOXqQDyzjRBoj/hvFBpvpYUxCi7gDV8q":{"registrationId":1039095588,"currentRatchet":{"ephemeralKeyPair":{"pubKey":"BfLHM2Q4soXBbZDCl/lhCjT+HUwG7hcpr+PQDOrm/UEt","privKey":"WIZOhZFH1frLHes7sSOR6ovWBP4OHfx7Aq4nHBpvkGA="},"lastRemoteEphemeralKey":"BVIu6C4P7ruh1Kag4ISwAdSatahXPJp77K++hjz8k18n","previousCounter":0,"rootKey":"2dvkbxu0VYiUDMpU2b269nON52tUu2K178aFElAnyZw="},"indexInfo":{"baseKey":"BUC76FRJNEyyOOXqQDyzjRBoj/hvFBpvpYUxCi7gDV8q","baseKeyType":1,"closed":-1,"used":1682856815913,"created":1682852949897,"remoteIdentityKey":"BfgKU9KTla/0Yv8vn321t6zJtxcw82i9xEdgNlUfAC5H"},"_chains":{"BVIu6C4P7ruh1Kag4ISwAdSatahXPJp77K++hjz8k18n":{"chainKey":{"counter":0,"key":"ii3RcsLX8iniyokJ9I226NlfvjPaUStNst6/w7jPnR0="},"chainType":2,"messageKeys":{}},"BfLHM2Q4soXBbZDCl/lhCjT+HUwG7hcpr+PQDOrm/UEt":{"chainKey":{"counter":16,"key":"x89LdiI90qepLU+TXTAHSMktZ8yRSoJ9bi9x6kjulhQ="},"chainType":1,"messageKeys":{}}}}},"version":"v1"}