{"_sessions":{"BZfQZa6Cqd4PD3KjRVa154TShxDsAKlPAq4b0Ci+9XMv":{"registrationId":919502685,"currentRatchet":{"ephemeralKeyPair":{"pubKey":"BdZWgKQ1bMrWSRO4t+cVlHToXgOveh1sm9APcCb3nLpG","privKey":"QMYGpGldhWNfkxwoIsSJ0vvDWZZQC9iriG8FzGlemHs="},"lastRemoteEphemeralKey":"Bfv5OMarsmFqElGboCkEbP1ZJRlOG4PXpZzZ3pL8S1Ji","previousCounter":0,"rootKey":"ufVfLtn1ho4+unlA1J/rK2nHWG0EyMblKRAVvSs31+k="},"indexInfo":{"baseKey":"BZfQZa6Cqd4PD3KjRVa154TShxDsAKlPAq4b0Ci+9XMv","baseKeyType":1,"closed":-1,"used":1682852949844,"created":1682852949844,"remoteIdentityKey":"BR0J/D46r9o5hdfcMGEc/vXYK+DebtIiAlw0+QQlg5A4"},"_chains":{"BdZWgKQ1bMrWSRO4t+cVlHToXgOveh1sm9APcCb3nLpG":{"chainKey":{"counter":17,"key":"0MFJh01/9iISyU8lU5uyx1gFugdRr1xQUeZq9H23jd4="},"chainType":1,"messageKeys":{}}},"pendingPreKey":{"signedKeyId":18,"baseKey":"BZfQZa6Cqd4PD3KjRVa154TShxDsAKlPAq4b0Ci+9XMv"}}},"version":"v1"}