{"chats":[{"chat":3,"command":0,"jid":"6282132576668@s.whatsapp.net","lastchat":0,"lastseen":1682852730679},{"chat":77,"command":1682859658538,"jid":"6282253969170@s.whatsapp.net","lastchat":0,"lastseen":1682859717381},{"chat":125,"command":1682860184400,"jid":"120363132155349283@g.us","lastchat":0,"lastseen":1682860186866},{"chat":91,"command":1682854166001,"jid":"120363129918499901@g.us","lastchat":0,"lastseen":1682854338839},{"chat":84,"command":1682856790861,"jid":"120363040776794152@g.us","lastchat":0,"lastseen":1682859463415},{"chat":4,"command":0,"jid":"status@broadcast","lastchat":0,"lastseen":1682856393677},{"chat":9,"command":1682855562157,"jid":"6285849359463@s.whatsapp.net","lastchat":0,"lastseen":1682855563300},{"chat":15,"command":1682859855407,"jid":"120363028270366213@g.us","lastchat":0,"lastseen":1682859957161}],"groups":[{"activity":1682860186866,"antidelete":true,"antilink":false,"antivirtex":false,"autoread":true,"expired":0,"filter":false,"jid":"120363132155349283@g.us","left":false,"localonly":false,"member":{"601137369901@s.whatsapp.net":{"lastseen":1682860068153,"warning":0},"6281256013567@s.whatsapp.net":{"lastseen":1682859490800,"warning":0},"6281333600511@s.whatsapp.net":{"lastseen":1682855313580,"warning":0},"6281384736969@s.whatsapp.net":{"lastseen":1682859510192,"warning":0},"6282129780294@s.whatsapp.net":{"lastseen":1682849409622,"warning":0},"6282253969170@s.whatsapp.net":{"lastseen":1682860184390,"warning":0},"628388839329@s.whatsapp.net":{"lastseen":1682854707870,"warning":0},"6285697639080@s.whatsapp.net":{"lastseen":1682855930308,"warning":0},"6285725063793@s.whatsapp.net":{"lastseen":1682855492581,"warning":0},"6285795632324@s.whatsapp.net":{"lastseen":1682849552506,"warning":0},"6285821706798@s.whatsapp.net":{"lastseen":1682849478505,"warning":0},"6285943096568@s.whatsapp.net":{"lastseen":1682859763734,"warning":0},"6287810005056@s.whatsapp.net":{"lastseen":1682849345747,"warning":0},"628872528083@s.whatsapp.net":{"lastseen":1682849918021,"warning":0},"6289509265077@s.whatsapp.net":{"lastseen":1682859558911,"warning":0},"6289518803803@s.whatsapp.net":{"lastseen":1682859715642,"warning":0},"628992881565@s.whatsapp.net":{"lastseen":1682855315557,"warning":0}},"mute":false,"stay":false,"text_left":"","text_welcome":"","welcome":true},{"activity":1682854338839,"antidelete":true,"antilink":false,"antivirtex":false,"autoread":true,"expired":0,"filter":false,"jid":"120363129918499901@g.us","left":false,"localonly":false,"member":{"6281384736969@s.whatsapp.net":{"lastseen":1682849591992,"warning":0},"6282129780294@s.whatsapp.net":{"lastseen":1682849429797,"warning":0},"6282253969170@s.whatsapp.net":{"lastseen":1682854238551,"warning":0},"6285725063793@s.whatsapp.net":{"lastseen":1682853697347,"warning":0},"62881036882491@s.whatsapp.net":{"lastseen":1682849836746,"warning":0},"6289509265077@s.whatsapp.net":{"lastseen":1682854311903,"warning":0},"6289518803803@s.whatsapp.net":{"lastseen":1682854338880,"warning":0},"62895331883316@s.whatsapp.net":{"lastseen":1682853408792,"warning":0}},"mute":false,"stay":false,"text_left":"","text_welcome":"","welcome":true},{"activity":1682859463415,"antidelete":true,"antilink":false,"antivirtex":false,"autoread":true,"expired":0,"filter":false,"jid":"120363040776794152@g.us","left":false,"localonly":false,"member":{"601137369901@s.whatsapp.net":{"lastseen":1682859463419,"warning":0},"6281804114648@s.whatsapp.net":{"lastseen":1682853007120,"warning":0},"6282253969170@s.whatsapp.net":{"lastseen":1682859409678,"warning":0},"6283147877622@s.whatsapp.net":{"lastseen":1682856817113,"warning":0},"6285751072096@s.whatsapp.net":{"lastseen":1682856594518,"warning":0},"6285752506526@s.whatsapp.net":{"lastseen":1682856864785,"warning":0},"6285821100627@s.whatsapp.net":{"lastseen":1682857016939,"warning":0},"6285876380778@s.whatsapp.net":{"lastseen":1682856790835,"warning":0}},"mute":false,"stay":false,"text_left":"","text_welcome":"","welcome":true},{"activity":1682859957161,"antidelete":true,"antilink":false,"antivirtex":false,"autoread":true,"expired":0,"filter":false,"jid":"120363028270366213@g.us","left":false,"localonly":false,"member":{"6282253969170@s.whatsapp.net":{"lastseen":1682859957174,"warning":0}},"mute":false,"stay":false,"text_left":"","text_welcome":"","welcome":true}],"setting":{"autodownload":true,"chatbot":true,"cover":"https://i.ibb.co/6H4pfcZ/20230430-183613.jpg","debug":false,"error":[],"groupmode":false,"lastReset":1682844002459,"link":"https://chat.whatsapp.com/EQe9Gd5DV6q1Y9ttntySqi","menuStyle":4,"mimic":[],"msg":"Hi +tag 🪸\nI am an automated system (WhatsApp Bot) that can help to do something, search and get data / information only through WhatsApp.\n\n◦ *Database* : +db\n◦ *Library* : Baileys v+version\n◦ *Rest API* : https://api.neoxr.my.id\n◦ *Source* : https://github.com/neoxr/neoxr-bot\n\nIf you find an error or want to upgrade premium plan contact the owner.","multiprefix":true,"noprefix":false,"online":true,"onlyprefix":"+","owners":["6282253969170"],"pluginDisable":[],"prefix":[".","/","!","#"],"self":false,"sk_author":"@Remy","sk_pack":"Sticker","toxic":["ajg","ajig","anjas","anjg","anjim","anjing","anjrot","anying","asw","autis","babi","bacod","bacot","bagong","bajingan","bangsad","bangsat","bastard","bego","bgsd","biadab","biadap","bitch","bngst","bodoh","bokep","cocote","coli","colmek","comli","dajjal","dancok","dongo","fuck","gelay","goblog","goblok","guoblog","guoblok","hairul","henceut","idiot","itil","jamet","jancok","jembut","jingan","kafir","kanjut","kanyut","keparat","kntl","kontol","lana","loli","lont","lonte","mancing","meki","memek","ngentod","ngentot","ngewe","ngocok","ngtd","njeng","njing","njinx","oppai","pantek","pantek","peler","pepek","pilat","pler","pornhub","pucek","puki","pukimak","redhub","sange","setan","silit","telaso","tempek","tete","titit","toket","tolol","tomlol","tytyd","wildan","xnxx"]},"statistic":{"+cmdstic":{"hitstat":2,"lasthit":1682859793308,"sender":"6282253969170","today":2},"+prem":{"hitstat":2,"lasthit":1682854166001,"sender":"6282253969170","today":2},"-cmdstic":{"hitstat":1,"lasthit":1682859640681,"sender":"6282253969170","today":1},"afk":{"hitstat":2,"lasthit":1682858869703,"sender":"6282253969170","today":2},"cerpen":{"hitstat":2,"lasthit":1682856528564,"sender":"6285876380778","today":2},"cerpen-jawa":{"hitstat":1,"lasthit":1682856572466,"sender":"6282253969170","today":1},"cerpen-kristen":{"hitstat":1,"lasthit":1682856610067,"sender":"6285876380778","today":1},"cerpen-sunda":{"hitstat":1,"lasthit":1682856594551,"sender":"6285751072096","today":1},"checkapi":{"hitstat":2,"lasthit":1682853697368,"sender":"6285725063793","today":2},"cmdstic":{"hitstat":3,"lasthit":1682859775942,"sender":"6282253969170","today":3},"emojimix":{"hitstat":4,"lasthit":1682859247362,"sender":"6282253969170","today":4},"everyone":{"hitstat":1,"lasthit":1682853419137,"sender":"6282253969170","today":1},"group":{"hitstat":1,"lasthit":1682859855407,"sender":"6282253969170","today":1},"hidetag":{"hitstat":1,"lasthit":1682860003758,"sender":"6282253969170","today":1},"ig":{"hitstat":2,"lasthit":1682854661569,"sender":"6285752506526","today":2},"join":{"hitstat":1,"lasthit":1682855562157,"sender":"6285849359463","today":1},"kick":{"hitstat":2,"lasthit":1682856790861,"sender":"6285876380778","today":2},"owner":{"hitstat":4,"lasthit":1682854749771,"sender":"6282253969170","today":4},"premium":{"hitstat":2,"lasthit":1682854262716,"sender":"6282253969170","today":2},"removebg":{"hitstat":1,"lasthit":1682853157256,"sender":"6282253969170","today":1},"s":{"hitstat":3,"lasthit":1682859077071,"sender":"6282253969170","today":3},"welcome":{"hitstat":2,"lasthit":1682856752430,"sender":"6285876380778","today":2},"ytmp3":{"hitstat":2,"lasthit":1682860184401,"sender":"6282253969170","today":2}},"sticker":{"238621011992577303579165261461414420415415710121251832061595918281642222911524820":{"created":1682859658539,"text":"turu"}},"users":[{"afk":-1,"afkReason":"","banTemp":0,"banTimes":0,"banned":false,"expired":0,"hit":0,"jid":"6282132576668@s.whatsapp.net","lastseen":1682860186866,"limit":25,"name":"6282132576668@s.whatsapp.net","premium":false,"spam":0,"warning":0},{"afk":-1,"afkReason":"","banTemp":0,"banTimes":0,"banned":false,"expired":0,"hit":50,"jid":"6282253969170@s.whatsapp.net","lastseen":1682860184368,"limit":16,"name":"6282253969170@s.whatsapp.net","premium":false,"spam":1,"usebot":1682860184400,"warning":0},{"afk":-1,"afkReason":"","banTemp":0,"banTimes":0,"banned":false,"expired":0,"hit":1,"jid":"6281384736969@s.whatsapp.net","lastseen":1682859510180,"limit":25,"name":"6281384736969@s.whatsapp.net","premium":false,"spam":1,"usebot":1682849515214,"warning":0},{"afk":-1,"afkReason":"","banTemp":0,"banTimes":0,"banned":false,"expired":0,"hit":0,"jid":"6289518803803@s.whatsapp.net","lastseen":1682859715633,"limit":25,"name":"6289518803803@s.whatsapp.net","premium":false,"spam":0,"warning":0},{"afk":-1,"afkReason":"","banTemp":0,"banTimes":0,"banned":false,"expired":0,"hit":0,"jid":"628872528083@s.whatsapp.net","lastseen":1682849918015,"limit":25,"name":"628872528083@s.whatsapp.net","premium":false,"spam":1,"warning":0},{"afk":-1,"afkReason":"","banTemp":0,"banTimes":0,"banned":false,"expired":0,"hit":0,"jid":"6282129780294@s.whatsapp.net","lastseen":1682849429790,"limit":25,"name":"6282129780294@s.whatsapp.net","premium":false,"spam":1,"warning":0},{"afk":-1,"afkReason":"","banTemp":0,"banTimes":0,"banned":false,"expired":0,"hit":0,"jid":"6287810005056@s.whatsapp.net","lastseen":1682849345718,"limit":25,"name":"6287810005056@s.whatsapp.net","premium":false,"spam":1,"warning":0},{"afk":-1,"afkReason":"","banTemp":0,"banTimes":0,"banned":false,"expired":0,"hit":0,"jid":"6285821706798@s.whatsapp.net","lastseen":1682849478494,"limit":25,"name":"6285821706798@s.whatsapp.net","premium":false,"spam":1,"warning":0},{"afk":-1,"afkReason":"","banTemp":0,"banTimes":0,"banned":false,"expired":0,"hit":0,"jid":"6285795632324@s.whatsapp.net","lastseen":1682849552495,"limit":25,"name":"6285795632324@s.whatsapp.net","premium":false,"spam":1,"warning":0},{"afk":-1,"afkReason":"","banTemp":0,"banTimes":0,"banned":false,"expired":0,"hit":0,"jid":"6281333600511@s.whatsapp.net","lastseen":1682855313565,"limit":25,"name":"6281333600511@s.whatsapp.net","premium":false,"spam":0,"warning":0},{"afk":-1,"afkReason":"","banTemp":0,"banTimes":0,"banned":false,"expired":0,"hit":0,"jid":"62881036882491@s.whatsapp.net","lastseen":1682849836734,"limit":25,"name":"62881036882491@s.whatsapp.net","premium":false,"spam":0,"warning":0},{"afk":-1,"afkReason":"","banTemp":0,"banTimes":0,"banned":false,"expired":1685446166006,"hit":2,"jid":"6289509265077@s.whatsapp.net","lastseen":1682859558906,"limit":1025,"name":"6289509265077@s.whatsapp.net","premium":true,"spam":1,"usebot":1682849936986,"warning":0},{"afk":-1,"afkReason":"","banTemp":0,"banTimes":0,"banned":false,"expired":0,"hit":0,"jid":"6285697639080@s.whatsapp.net","lastseen":1682855930305,"limit":25,"name":"6285697639080@s.whatsapp.net","premium":false,"spam":1,"warning":0},{"afk":-1,"afkReason":"","banTemp":0,"banTimes":0,"banned":false,"expired":0,"hit":0,"jid":"6281804114648@s.whatsapp.net","lastseen":1682853007106,"limit":25,"name":"6281804114648@s.whatsapp.net","premium":false,"spam":0,"warning":0},{"afk":-1,"afkReason":"","banTemp":0,"banTimes":0,"banned":false,"expired":0,"hit":0,"jid":"62895331883316@s.whatsapp.net","lastseen":1682853408769,"limit":25,"name":"62895331883316@s.whatsapp.net","premium":false,"spam":0,"warning":0},{"afk":-1,"afkReason":"","banTemp":0,"banTimes":0,"banned":false,"expired":0,"hit":1,"jid":"6285725063793@s.whatsapp.net","lastseen":1682855492570,"limit":25,"name":"6285725063793@s.whatsapp.net","premium":false,"spam":1,"usebot":1682853697365,"warning":0},{"afk":-1,"afkReason":"","banTemp":0,"banTimes":0,"banned":false,"expired":0,"hit":0,"jid":"6285752506526@s.whatsapp.net","lastseen":1682856864730,"limit":23,"name":"6285752506526@s.whatsapp.net","premium":false,"spam":1,"warning":0},{"afk":-1,"afkReason":"","banTemp":0,"banTimes":0,"banned":false,"expired":0,"hit":0,"jid":"628388839329@s.whatsapp.net","lastseen":1682854707862,"limit":25,"name":"628388839329@s.whatsapp.net","premium":false,"spam":1,"warning":0},{"afk":-1,"afkReason":"","banTemp":0,"banTimes":0,"banned":false,"expired":0,"hit":0,"jid":"628992881565@s.whatsapp.net","lastseen":1682855315543,"limit":25,"name":"628992881565@s.whatsapp.net","premium":false,"spam":1,"warning":0},{"afk":-1,"afkReason":"","banTemp":0,"banTimes":0,"banned":false,"expired":0,"hit":2,"jid":"6285849359463@s.whatsapp.net","lastseen":1682855562149,"limit":25,"name":"6285849359463@s.whatsapp.net","premium":false,"spam":1,"usebot":1682855562157,"warning":0},{"afk":-1,"afkReason":"","banTemp":0,"banTimes":0,"banned":false,"expired":0,"hit":5,"jid":"6285876380778@s.whatsapp.net","lastseen":1682856790793,"limit":23,"name":"6285876380778@s.whatsapp.net","premium":false,"spam":0,"usebot":1682856790861,"warning":0},{"afk":-1,"afkReason":"","banTemp":0,"banTimes":0,"banned":false,"expired":0,"hit":1,"jid":"6285751072096@s.whatsapp.net","lastseen":1682856594494,"limit":24,"name":"6285751072096@s.whatsapp.net","premium":false,"spam":0,"usebot":1682856594550,"warning":0},{"afk":-1,"afkReason":"","banTemp":0,"banTimes":0,"banned":false,"expired":0,"hit":0,"jid":"6283147877622@s.whatsapp.net","lastseen":1682856817101,"limit":25,"name":"6283147877622@s.whatsapp.net","premium":false,"spam":1,"warning":0},{"afk":-1,"afkReason":"","banTemp":0,"banTimes":0,"banned":false,"expired":0,"hit":0,"jid":"6285821100627@s.whatsapp.net","lastseen":1682857016879,"limit":25,"name":"6285821100627@s.whatsapp.net","premium":false,"spam":1,"warning":0},{"afk":-1,"afkReason":"","banTemp":0,"banTimes":0,"banned":false,"expired":0,"hit":0,"jid":"601137369901@s.whatsapp.net","lastseen":1682860068072,"limit":25,"name":"601137369901@s.whatsapp.net","premium":false,"spam":0,"warning":0},{"afk":-1,"afkReason":"","banTemp":0,"banTimes":0,"banned":false,"expired":0,"hit":0,"jid":"6281256013567@s.whatsapp.net","lastseen":1682859490782,"limit":25,"name":"6281256013567@s.whatsapp.net","premium":false,"spam":1,"warning":0},{"afk":-1,"afkReason":"","banTemp":0,"banTimes":0,"banned":false,"expired":0,"hit":0,"jid":"6285943096568@s.whatsapp.net","lastseen":1682859763722,"limit":25,"name":"6285943096568@s.whatsapp.net","premium":false,"spam":1,"warning":0}]}